INSERT INTO meta (key, value) VALUES ('catalog_version', '2026-03-05T14:51:25+00:00');
INSERT INTO packs (code, name, date_release) VALUES ('23s', '23 Seconds', '2016-07-14'), ('asis', 'A Study in Static', '2013-03-21'), ('atr', 'All That Remains', '2014-11-13'), ('baw', 'Blood and Water', '2017-06-22'), ('bb', 'Breaker Bay', '2015-04-24'), ('bf', 'Business First', '2016-03-11'), ('bm', 'Blood Money', '2016-08-11'), ('cac', 'Creation and Control', '2013-07-29'), ('cc', 'Chrome City', '2015-05-29'), ('cd', 'Crimson Dust', '2017-08-17'), ('ce', 'Cyber Exodus', '2013-02-14'), ('core', 'Core Set', '2012-09-06'), ('core2', 'Revised Core Set', '2017-12-14'), ('cotc', 'Council of the Crest', '2018-03-01'), ('dad', 'Data and Destiny', '2015-10-29'), ('dag', 'Democracy and Dogma', '2016-04-01'), ('dc', 'Daedalus Complex', '2017-02-23'), ('df', 'Downfall', '2019-03-18'), ('draft', 'Draft', NULL), ('dt', 'Double Time', '2014-03-28'), ('dtwn', 'Down the White Nile', '2018-02-01'), ('eas', 'Earth''s Scion', '2017-05-25'), ('elev', 'Elevation', '2025-04-24'), ('es', 'Escalation', '2016-10-06'), ('fal', 'Fear and Loathing', '2014-02-21'), ('fc', 'First Contact', '2014-09-15'), ('fm', 'Free Mars', '2017-07-20'), ('fp', 'Future Proof', '2013-05-30'), ('ftm', 'Fear the Masses', '2016-06-16'), ('hap', 'Honor and Profit', '2014-05-02'), ('hs', 'Humanity''s Shadow', '2013-05-02'), ('in', 'Intervention', '2016-11-03'), ('ka', 'Kampala Ascendent', '2018-05-31'), ('kg', 'Kala Ghoda', '2016-01-29'), ('ml', 'Martial Law', '2016-12-08'), ('mo', 'Magnum Opus', '2018-09-07'), ('mor', 'Magnum Opus Reprint', '2019-07-24'), ('ms', 'Midnight Sun', '2022-07-22'), ('msbp', 'Midnight Sun Booster Pack', '2022-03-18'), ('mt', 'Mala Tempora', '2013-12-13'), ('napd', 'NAPD Multiplayer', '2018-09-07'), ('oac', 'Order and Chaos', '2015-01-28'), ('oh', 'Old Hollywood', '2015-08-06'), ('om', 'Opening Moves', '2013-09-27'), ('ph', 'Parhelion', '2022-12-09'), ('qu', 'Quorum', '2017-01-12'), ('rar', 'Reign and Reverie', '2018-06-28'), ('rwr', 'Rebellion Without Rehearsal', '2024-03-18'), ('sc19', 'System Core 2019', '2018-12-21'), ('sg', 'System Gateway', '2021-03-28'), ('si', 'Salsette Island', '2016-04-28'), ('sm', 'Salvaged Memories', '2020-12-18'), ('so', 'Station One', '2017-03-23'), ('ss', 'Sovereign Sight', '2017-12-28'), ('st', 'Second Thoughts', '2013-11-07'), ('su21', 'System Update 2021', '2021-03-28'), ('ta', 'Trace Amount', '2013-01-09'), ('tai', 'The Automata Initiative', '2023-07-31'), ('tc', 'True Colors', '2014-01-17'), ('td', 'Terminal Directive Cards', '2017-04-27'), ('tdatd', 'The Devil and the Dragon', '2018-04-05'), ('tdc', 'Terminal Directive Campaign', '2017-04-27'), ('tlm', 'The Liberated Mind', '2016-05-26'), ('ts', 'The Source', '2014-12-18'), ('tsb', 'The Spaces Between', '2014-08-15'), ('uao', 'Up and Over', '2014-10-16'), ('uot', 'The Universe of Tomorrow', '2015-09-03'), ('up', 'Upstalk', '2014-07-25'), ('ur', 'Uprising', '2019-12-31'), ('urbp', 'Uprising Booster Pack', '2019-09-09'), ('uw', 'The Underway', '2015-07-02'), ('val', 'The Valley', '2015-04-03'), ('vp', 'Vantage Point', '2026-03-02'), ('win', 'Whispers in Nalubaale', '2018-05-03'), ('wla', 'What Lies Ahead', '2012-12-14');
INSERT INTO cards (code, title, title_normalized, pack_code, side, quantity) VALUES ('00005', 'The Shadow: Pulling the Strings', 'the_shadow__pulling_the_strings', 'draft', 'corp', 1), ('00006', 'The Masque: Cyber General', 'the_masque__cyber_general', 'draft', 'runner', 1), ('00007', 'Wyvern: Chemically Enhanced', 'wyvern__chemically_enhanced', 'draft', 'runner', 1), ('00008', 'Boris "Syfr" Kovac: Crafty Veteran', 'boris__syfr__kovac__crafty_veteran', 'draft', 'runner', 1), ('00009', 'Jamie "Bzzz" Micken: Techno Savant', 'jamie__bzzz__micken__techno_savant', 'draft', 'runner', 1), ('00010', 'Strategic Innovations: Future Forward', 'strategic_innovations__future_forward', 'draft', 'corp', 1), ('00011', 'Synthetic Systems: The World Re-imagined', 'synthetic_systems__the_world_re_imagined', 'draft', 'corp', 1), ('00012', 'Information Dynamics: All You Need To Know', 'information_dynamics__all_you_need_to_know', 'draft', 'corp', 1), ('00013', 'Fringe Applications: Tomorrow, Today', 'fringe_applications__tomorrow__today', 'draft', 'corp', 1), ('01001', 'Noise: Hacker Extraordinaire', 'noise__hacker_extraordinaire', 'core', 'runner', 1), ('01002', 'Déjà Vu', 'déjà_vu', 'core', 'runner', 2), ('01003', 'Demolition Run', 'demolition_run', 'core', 'runner', 3), ('01004', 'Stimhack', 'stimhack', 'core', 'runner', 3), ('01005', 'Cyberfeeder', 'cyberfeeder', 'core', 'runner', 3), ('01006', 'Grimoire', 'grimoire', 'core', 'runner', 1), ('01007', 'Corroder', 'corroder', 'core', 'runner', 2), ('01008', 'Datasucker', 'datasucker', 'core', 'runner', 2), ('01009', 'Djinn', 'djinn', 'core', 'runner', 2), ('01010', 'Medium', 'medium', 'core', 'runner', 2), ('01011', 'Mimic', 'mimic', 'core', 'runner', 2), ('01012', 'Parasite', 'parasite', 'core', 'runner', 3), ('01013', 'Wyrm', 'wyrm', 'core', 'runner', 2), ('01014', 'Yog.0', 'yog_0', 'core', 'runner', 2), ('01015', 'Ice Carver', 'ice_carver', 'core', 'runner', 1), ('01016', 'Wyldside', 'wyldside', 'core', 'runner', 2), ('01017', 'Gabriel Santiago: Consummate Professional', 'gabriel_santiago__consummate_professional', 'core', 'runner', 1), ('01018', 'Account Siphon', 'account_siphon', 'core', 'runner', 2), ('01019', 'Easy Mark', 'easy_mark', 'core', 'runner', 3), ('01020', 'Forged Activation Orders', 'forged_activation_orders', 'core', 'runner', 3), ('01021', 'Inside Job', 'inside_job', 'core', 'runner', 3), ('01022', 'Special Order', 'special_order', 'core', 'runner', 3), ('01023', 'Lemuria Codecracker', 'lemuria_codecracker', 'core', 'runner', 2), ('01024', 'Desperado', 'desperado', 'core', 'runner', 1), ('01025', 'Aurora', 'aurora', 'core', 'runner', 2), ('01026', 'Femme Fatale', 'femme_fatale', 'core', 'runner', 2), ('01027', 'Ninja', 'ninja', 'core', 'runner', 2), ('01028', 'Sneakdoor Beta', 'sneakdoor_beta', 'core', 'runner', 2), ('01029', 'Bank Job', 'bank_job', 'core', 'runner', 2), ('01030', 'Crash Space', 'crash_space', 'core', 'runner', 2), ('01031', 'Data Dealer', 'data_dealer', 'core', 'runner', 1), ('01032', 'Decoy', 'decoy', 'core', 'runner', 2), ('01033', 'Kate "Mac" McCaffrey: Digital Tinker', 'kate__mac__mccaffrey__digital_tinker', 'core', 'runner', 1), ('01034', 'Diesel', 'diesel', 'core', 'runner', 3), ('01035', 'Modded', 'modded', 'core', 'runner', 2), ('01036', 'The Maker’s Eye', 'the_maker_s_eye', 'core', 'runner', 3), ('01037', 'Tinkering', 'tinkering', 'core', 'runner', 3), ('01038', 'Akamatsu Mem Chip', 'akamatsu_mem_chip', 'core', 'runner', 2), ('01039', 'Rabbit Hole', 'rabbit_hole', 'core', 'runner', 2), ('01040', 'The Personal Touch', 'the_personal_touch', 'core', 'runner', 2), ('01041', 'The Toolbox', 'the_toolbox', 'core', 'runner', 1), ('01042', 'Battering Ram', 'battering_ram', 'core', 'runner', 2), ('01043', 'Gordian Blade', 'gordian_blade', 'core', 'runner', 3), ('01044', 'Magnum Opus', 'magnum_opus', 'core', 'runner', 2), ('01045', 'Net Shield', 'net_shield', 'core', 'runner', 2), ('01046', 'Pipeline', 'pipeline', 'core', 'runner', 2), ('01047', 'Aesop’s Pawnshop', 'aesop_s_pawnshop', 'core', 'runner', 1), ('01048', 'Sacrificial Construct', 'sacrificial_construct', 'core', 'runner', 2), ('01049', 'Infiltration', 'infiltration', 'core', 'runner', 3), ('01050', 'Sure Gamble', 'sure_gamble', 'core', 'runner', 3), ('01051', 'Crypsis', 'crypsis', 'core', 'runner', 3), ('01052', 'Access to Globalsec', 'access_to_globalsec', 'core', 'runner', 3), ('01053', 'Armitage Codebusting', 'armitage_codebusting', 'core', 'runner', 3), ('01054', 'Haas-Bioroid: Engineering the Future', 'haas_bioroid__engineering_the_future', 'core', 'corp', 1), ('01055', 'Accelerated Beta Test', 'accelerated_beta_test', 'core', 'corp', 3), ('01056', 'Adonis Campaign', 'adonis_campaign', 'core', 'corp', 3), ('01057', 'Aggressive Secretary', 'aggressive_secretary', 'core', 'corp', 2), ('01058', 'Archived Memories', 'archived_memories', 'core', 'corp', 2), ('01059', 'Biotic Labor', 'biotic_labor', 'core', 'corp', 3), ('01060', 'Shipment from MirrorMorph', 'shipment_from_mirrormorph', 'core', 'corp', 2), ('01061', 'Heimdall 1.0', 'heimdall_1_0', 'core', 'corp', 2), ('01062', 'Ichi 1.0', 'ichi_1_0', 'core', 'corp', 3), ('01063', 'Viktor 1.0', 'viktor_1_0', 'core', 'corp', 2), ('01064', 'Rototurret', 'rototurret', 'core', 'corp', 2), ('01065', 'Corporate Troubleshooter', 'corporate_troubleshooter', 'core', 'corp', 1), ('01066', 'Experiential Data', 'experiential_data', 'core', 'corp', 2), ('01067', 'Jinteki: Personal Evolution', 'jinteki__personal_evolution', 'core', 'corp', 1), ('01068', 'Nisei MK II', 'nisei_mk_ii', 'core', 'corp', 3), ('01069', 'Project Junebug', 'project_junebug', 'core', 'corp', 3), ('01070', 'Snare!', 'snare_', 'core', 'corp', 3), ('01071', 'Zaibatsu Loyalty', 'zaibatsu_loyalty', 'core', 'corp', 1), ('01072', 'Neural EMP', 'neural_emp', 'core', 'corp', 2), ('01073', 'Precognition', 'precognition', 'core', 'corp', 2), ('01074', 'Cell Portal', 'cell_portal', 'core', 'corp', 2), ('01075', 'Chum', 'chum', 'core', 'corp', 2), ('01076', 'Data Mine', 'data_mine', 'core', 'corp', 2), ('01077', 'Neural Katana', 'neural_katana', 'core', 'corp', 3), ('01078', 'Wall of Thorns', 'wall_of_thorns', 'core', 'corp', 3), ('01079', 'Akitaro Watanabe', 'akitaro_watanabe', 'core', 'corp', 1), ('01080', 'NBN: Making News', 'nbn__making_news', 'core', 'corp', 1), ('01081', 'AstroScript Pilot Program', 'astroscript_pilot_program', 'core', 'corp', 2), ('01082', 'Breaking News', 'breaking_news', 'core', 'corp', 2), ('01083', 'Anonymous Tip', 'anonymous_tip', 'core', 'corp', 2), ('01084', 'Closed Accounts', 'closed_accounts', 'core', 'corp', 2), ('01085', 'Psychographics', 'psychographics', 'core', 'corp', 2), ('01086', 'SEA Source', 'sea_source', 'core', 'corp', 2), ('01087', 'Ghost Branch', 'ghost_branch', 'core', 'corp', 3), ('01088', 'Data Raven', 'data_raven', 'core', 'corp', 3), ('01089', 'Matrix Analyzer', 'matrix_analyzer', 'core', 'corp', 3), ('01090', 'Tollbooth', 'tollbooth', 'core', 'corp', 3), ('01091', 'Red Herrings', 'red_herrings', 'core', 'corp', 2), ('01092', 'SanSan City Grid', 'sansan_city_grid', 'core', 'corp', 1), ('01093', 'Weyland Consortium: Building a Better World', 'weyland_consortium__building_a_better_world', 'core', 'corp', 1), ('01094', 'Hostile Takeover', 'hostile_takeover', 'core', 'corp', 3), ('01095', 'Posted Bounty', 'posted_bounty', 'core', 'corp', 2), ('01096', 'Security Subcontract', 'security_subcontract', 'core', 'corp', 1), ('01097', 'Aggressive Negotiation', 'aggressive_negotiation', 'core', 'corp', 2), ('01098', 'Beanstalk Royalties', 'beanstalk_royalties', 'core', 'corp', 3), ('01099', 'Scorched Earth', 'scorched_earth', 'core', 'corp', 2), ('01100', 'Shipment from Kaguya', 'shipment_from_kaguya', 'core', 'corp', 2), ('01101', 'Archer', 'archer', 'core', 'corp', 2), ('01102', 'Hadrian''s Wall', 'hadrian_s_wall', 'core', 'corp', 2), ('01103', 'Ice Wall', 'ice_wall', 'core', 'corp', 3), ('01104', 'Shadow', 'shadow', 'core', 'corp', 3), ('01105', 'Research Station', 'research_station', 'core', 'corp', 2), ('01106', 'Priority Requisition', 'priority_requisition', 'core', 'corp', 3), ('01107', 'Private Security Force', 'private_security_force', 'core', 'corp', 3), ('01108', 'Melange Mining Corp.', 'melange_mining_corp_', 'core', 'corp', 2), ('01109', 'PAD Campaign', 'pad_campaign', 'core', 'corp', 3), ('01110', 'Hedge Fund', 'hedge_fund', 'core', 'corp', 3), ('01111', 'Enigma', 'enigma', 'core', 'corp', 3), ('01112', 'Hunter', 'hunter', 'core', 'corp', 2), ('01113', 'Wall of Static', 'wall_of_static', 'core', 'corp', 3), ('02001', 'Whizzard: Master Gamer', 'whizzard__master_gamer', 'wla', 'runner', 3), ('02002', 'Spinal Modem', 'spinal_modem', 'wla', 'runner', 3), ('02003', 'Imp', 'imp', 'wla', 'runner', 3), ('02004', 'Morning Star', 'morning_star', 'wla', 'runner', 3), ('02005', 'Cortez Chip', 'cortez_chip', 'wla', 'runner', 3), ('02006', 'Peacock', 'peacock', 'wla', 'runner', 3), ('02007', 'ZU.13 Key Master', 'zu_13_key_master', 'wla', 'runner', 3), ('02008', 'The Helpful AI', 'the_helpful_ai', 'wla', 'runner', 3), ('02009', 'Plascrete Carapace', 'plascrete_carapace', 'wla', 'runner', 3), ('02010', 'Haas-Bioroid: Stronger Together', 'haas_bioroid__stronger_together', 'wla', 'corp', 3), ('02011', 'Mandatory Upgrades', 'mandatory_upgrades', 'wla', 'corp', 3), ('02012', 'Janus 1.0', 'janus_1_0', 'wla', 'corp', 3), ('02013', 'Ash 2X3ZB9CY', 'ash_2x3zb9cy', 'wla', 'corp', 3), ('02014', 'Braintrust', 'braintrust', 'wla', 'corp', 3), ('02015', 'Snowflake', 'snowflake', 'wla', 'corp', 3), ('02016', 'Restructured Datapool', 'restructured_datapool', 'wla', 'corp', 3), ('02017', 'TMI', 'tmi', 'wla', 'corp', 3), ('02018', 'Project Atlas', 'project_atlas', 'wla', 'corp', 3), ('02019', 'Caduceus', 'caduceus', 'wla', 'corp', 3), ('02020', 'Dracō', 'dracō', 'wla', 'corp', 3), ('02021', 'Vamp', 'vamp', 'ta', 'runner', 3), ('02022', 'Liberated Account', 'liberated_account', 'ta', 'runner', 3), ('02023', 'Satellite Uplink', 'satellite_uplink', 'ta', 'runner', 3), ('02024', 'e3 Feedback Implants', 'e3_feedback_implants', 'ta', 'runner', 3), ('02025', 'Compromised Employee', 'compromised_employee', 'ta', 'runner', 3), ('02026', 'Notoriety', 'notoriety', 'ta', 'runner', 3), ('02027', 'Snowball', 'snowball', 'ta', 'runner', 3), ('02028', 'Dyson Mem Chip', 'dyson_mem_chip', 'ta', 'runner', 3), ('02029', 'Encryption Protocol', 'encryption_protocol', 'ta', 'corp', 3), ('02030', 'Sherlock 1.0', 'sherlock_1_0', 'ta', 'corp', 3), ('02031', 'Jinteki: Replicating Perfection', 'jinteki__replicating_perfection', 'ta', 'corp', 3), ('02032', 'Fetal AI', 'fetal_ai', 'ta', 'corp', 3), ('02033', 'Trick of Light', 'trick_of_light', 'ta', 'corp', 3), ('02034', 'Sensei', 'sensei', 'ta', 'corp', 3), ('02035', 'Big Brother', 'big_brother', 'ta', 'corp', 3), ('02036', 'ChiLo City Grid', 'chilo_city_grid', 'ta', 'corp', 3), ('02037', 'Power Grid Overload', 'power_grid_overload', 'ta', 'corp', 3), ('02038', 'Amazon Industrial Zone', 'amazon_industrial_zone', 'ta', 'corp', 3), ('02039', 'Executive Retreat', 'executive_retreat', 'ta', 'corp', 3), ('02040', 'Freelancer', 'freelancer', 'ta', 'corp', 3), ('02041', 'Nerve Agent', 'nerve_agent', 'ce', 'runner', 3), ('02042', 'Joshua B.', 'joshua_b_', 'ce', 'runner', 3), ('02043', 'Emergency Shutdown', 'emergency_shutdown', 'ce', 'runner', 3), ('02044', 'Muresh Bodysuit', 'muresh_bodysuit', 'ce', 'runner', 3), ('02045', 'Snitch', 'snitch', 'ce', 'runner', 3), ('02046', 'Chaos Theory: Wünderkind', 'chaos_theory__wünderkind', 'ce', 'runner', 3), ('02047', 'Test Run', 'test_run', 'ce', 'runner', 3), ('02048', 'Dinosaurus', 'dinosaurus', 'ce', 'runner', 3), ('02049', 'Personal Workshop', 'personal_workshop', 'ce', 'runner', 3), ('02050', 'Public Sympathy', 'public_sympathy', 'ce', 'runner', 3), ('02051', 'Project Vitruvius', 'project_vitruvius', 'ce', 'corp', 3), ('02052', 'Viper', 'viper', 'ce', 'corp', 3), ('02053', 'Edge of World', 'edge_of_world', 'ce', 'corp', 3), ('02054', 'Sunset', 'sunset', 'ce', 'corp', 3), ('02055', 'Marked Accounts', 'marked_accounts', 'ce', 'corp', 3), ('02056', 'Pop-up Window', 'pop_up_window', 'ce', 'corp', 3), ('02057', 'Woodcutter', 'woodcutter', 'ce', 'corp', 3), ('02058', 'Commercialization', 'commercialization', 'ce', 'corp', 3), ('02059', 'Private Contracts', 'private_contracts', 'ce', 'corp', 3), ('02060', 'Chimera', 'chimera', 'ce', 'corp', 3), ('02061', 'Disrupter', 'disrupter', 'asis', 'runner', 3), ('02062', 'Force of Nature', 'force_of_nature', 'asis', 'runner', 3), ('02063', 'Scrubber', 'scrubber', 'asis', 'runner', 3), ('02064', 'Doppelgänger', 'doppelgänger', 'asis', 'runner', 3), ('02065', 'Crescentus', 'crescentus', 'asis', 'runner', 3), ('02066', 'Deus X', 'deus_x', 'asis', 'runner', 3), ('02067', 'All-nighter', 'all_nighter', 'asis', 'runner', 3), ('02068', 'Inside Man', 'inside_man', 'asis', 'runner', 3), ('02069', 'Underworld Contact', 'underworld_contact', 'asis', 'runner', 3), ('02070', 'Green Level Clearance', 'green_level_clearance', 'asis', 'corp', 3), ('02071', 'Hourglass', 'hourglass', 'asis', 'corp', 3), ('02072', 'Dedicated Server', 'dedicated_server', 'asis', 'corp', 3), ('02073', 'Bullfrog', 'bullfrog', 'asis', 'corp', 3), ('02074', 'Uroboros', 'uroboros', 'asis', 'corp', 3), ('02075', 'Net Police', 'net_police', 'asis', 'corp', 3), ('02076', 'Weyland Consortium: Because We Built It', 'weyland_consortium__because_we_built_it', 'asis', 'corp', 3), ('02077', 'Government Contracts', 'government_contracts', 'asis', 'corp', 3), ('02078', 'Tyrant', 'tyrant', 'asis', 'corp', 3), ('02079', 'Oversight AI', 'oversight_ai', 'asis', 'corp', 3), ('02080', 'False Lead', 'false_lead', 'asis', 'corp', 3), ('02081', 'Surge', 'surge', 'hs', 'runner', 3), ('02082', 'Xanadu', 'xanadu', 'hs', 'runner', 3), ('02083', 'Andromeda: Dispossessed Ristie', 'andromeda__dispossessed_ristie', 'hs', 'runner', 3), ('02084', 'Networking', 'networking', 'hs', 'runner', 3), ('02085', 'HQ Interface', 'hq_interface', 'hs', 'runner', 3), ('02086', 'Pheromones', 'pheromones', 'hs', 'runner', 3), ('02087', 'Quality Time', 'quality_time', 'hs', 'runner', 3), ('02088', 'Replicator', 'replicator', 'hs', 'runner', 3), ('02089', 'Creeper', 'creeper', 'hs', 'runner', 3), ('02090', 'Kraken', 'kraken', 'hs', 'runner', 3), ('02091', 'Kati Jones', 'kati_jones', 'hs', 'runner', 3), ('02092', 'Eve Campaign', 'eve_campaign', 'hs', 'corp', 3), ('02093', 'Rework', 'rework', 'hs', 'corp', 3), ('02094', 'Whirlpool', 'whirlpool', 'hs', 'corp', 3), ('02095', 'Hokusai Grid', 'hokusai_grid', 'hs', 'corp', 3), ('02096', 'Data Hound', 'data_hound', 'hs', 'corp', 3), ('02097', 'Bernice Mai', 'bernice_mai', 'hs', 'corp', 3), ('02098', 'Salvage', 'salvage', 'hs', 'corp', 3), ('02099', 'Simone Diego', 'simone_diego', 'hs', 'corp', 3), ('02100', 'Foxfire', 'foxfire', 'hs', 'corp', 3), ('02101', 'Retrieval Run', 'retrieval_run', 'fp', 'runner', 3), ('02102', 'Darwin', 'darwin', 'fp', 'runner', 3), ('02103', 'Data Leak Reversal', 'data_leak_reversal', 'fp', 'runner', 3), ('02104', 'Faerie', 'faerie', 'fp', 'runner', 3), ('02105', 'Mr. Li', 'mr__li', 'fp', 'runner', 3), ('02106', 'Indexing', 'indexing', 'fp', 'runner', 3), ('02107', 'R&D Interface', 'r_d_interface', 'fp', 'runner', 3), ('02108', 'Deep Thought', 'deep_thought', 'fp', 'runner', 3), ('02109', 'New Angeles City Hall', 'new_angeles_city_hall', 'fp', 'runner', 3), ('02110', 'Eli 1.0', 'eli_1_0', 'fp', 'corp', 3), ('02111', 'Ruhr Valley', 'ruhr_valley', 'fp', 'corp', 3), ('02112', 'Ronin', 'ronin', 'fp', 'corp', 3), ('02113', 'Midori', 'midori', 'fp', 'corp', 3), ('02114', 'NBN: The World is Yours*', 'nbn__the_world_is_yours_', 'fp', 'corp', 3), ('02115', 'Project Beale', 'project_beale', 'fp', 'corp', 3), ('02116', 'Midseason Replacements', 'midseason_replacements', 'fp', 'corp', 3), ('02117', 'Flare', 'flare', 'fp', 'corp', 3), ('02118', 'Dedicated Response Team', 'dedicated_response_team', 'fp', 'corp', 3), ('02119', 'Burke Bugs', 'burke_bugs', 'fp', 'corp', 3), ('02120', 'Corporate War', 'corporate_war', 'fp', 'corp', 3), ('03001', 'Cerebral Imaging: Infinite Frontiers', 'cerebral_imaging__infinite_frontiers', 'cac', 'corp', 3), ('03002', 'Custom Biotics: Engineered for Success', 'custom_biotics__engineered_for_success', 'cac', 'corp', 3), ('03003', 'NEXT Design: Guarding the Net', 'next_design__guarding_the_net', 'cac', 'corp', 3), ('03004', 'Director Haas'' Pet Project', 'director_haas__pet_project', 'cac', 'corp', 3), ('03005', 'Efficiency Committee', 'efficiency_committee', 'cac', 'corp', 3), ('03006', 'Project Wotan', 'project_wotan', 'cac', 'corp', 3), ('03007', 'Sentinel Defense Program', 'sentinel_defense_program', 'cac', 'corp', 3), ('03008', 'Alix T4LB07', 'alix_t4lb07', 'cac', 'corp', 3), ('03009', 'Cerebral Overwriter', 'cerebral_overwriter', 'cac', 'corp', 3), ('03010', 'Director Haas', 'director_haas', 'cac', 'corp', 3), ('03011', 'Haas Arcology AI', 'haas_arcology_ai', 'cac', 'corp', 3), ('03012', 'Thomas Haas', 'thomas_haas', 'cac', 'corp', 3), ('03013', 'Bioroid Efficiency Research', 'bioroid_efficiency_research', 'cac', 'corp', 3), ('03014', 'Successful Demonstration', 'successful_demonstration', 'cac', 'corp', 3), ('03015', 'Heimdall 2.0', 'heimdall_2_0', 'cac', 'corp', 3), ('03016', 'Howler', 'howler', 'cac', 'corp', 3), ('03017', 'Ichi 2.0', 'ichi_2_0', 'cac', 'corp', 3), ('03018', 'Minelayer', 'minelayer', 'cac', 'corp', 3), ('03019', 'Viktor 2.0', 'viktor_2_0', 'cac', 'corp', 3), ('03020', 'Zed 1.0', 'zed_1_0', 'cac', 'corp', 3), ('03021', 'Awakening Center', 'awakening_center', 'cac', 'corp', 3), ('03022', 'Tyr''s Hand', 'tyr_s_hand', 'cac', 'corp', 3), ('03023', 'Gila Hands Arcology', 'gila_hands_arcology', 'cac', 'corp', 3), ('03024', 'Levy University', 'levy_university', 'cac', 'corp', 3), ('03025', 'Server Diagnostics', 'server_diagnostics', 'cac', 'corp', 3), ('03026', 'Bastion', 'bastion', 'cac', 'corp', 3), ('03027', 'Datapike', 'datapike', 'cac', 'corp', 3), ('03028', 'Rielle “Kit” Peddler: Transhuman', 'rielle__kit__peddler__transhuman', 'cac', 'runner', 3), ('03029', 'The Professor: Keeper of Knowledge', 'the_professor__keeper_of_knowledge', 'cac', 'runner', 3), ('03030', 'Exile: Streethawk', 'exile__streethawk', 'cac', 'runner', 3), ('03031', 'Escher', 'escher', 'cac', 'runner', 3), ('03032', 'Exploratory Romp', 'exploratory_romp', 'cac', 'runner', 3), ('03033', 'Freelance Coding Contract', 'freelance_coding_contract', 'cac', 'runner', 3), ('03034', 'Scavenge', 'scavenge', 'cac', 'runner', 3), ('03035', 'Levy AR Lab Access', 'levy_ar_lab_access', 'cac', 'runner', 3), ('03036', 'Monolith', 'monolith', 'cac', 'runner', 3), ('03037', 'Feedback Filter', 'feedback_filter', 'cac', 'runner', 3), ('03038', 'Clone Chip', 'clone_chip', 'cac', 'runner', 3), ('03039', 'Omni-drive', 'omni_drive', 'cac', 'runner', 3), ('03040', 'Atman', 'atman', 'cac', 'runner', 3), ('03041', 'Cloak', 'cloak', 'cac', 'runner', 3), ('03042', 'Dagger', 'dagger', 'cac', 'runner', 3), ('03043', 'Chakana', 'chakana', 'cac', 'runner', 3), ('03044', 'Cyber-Cypher', 'cyber_cypher', 'cac', 'runner', 3), ('03045', 'Paricia', 'paricia', 'cac', 'runner', 3), ('03046', 'Self-modifying Code', 'self_modifying_code', 'cac', 'runner', 3), ('03047', 'Sahasrara', 'sahasrara', 'cac', 'runner', 3), ('03048', 'Inti', 'inti', 'cac', 'runner', 3), ('03049', 'Professional Contacts', 'professional_contacts', 'cac', 'runner', 3), ('03050', 'Borrowed Satellite', 'borrowed_satellite', 'cac', 'runner', 3), ('03051', 'Ice Analyzer', 'ice_analyzer', 'cac', 'runner', 3), ('03052', 'Dirty Laundry', 'dirty_laundry', 'cac', 'runner', 3), ('03053', 'Daily Casts', 'daily_casts', 'cac', 'runner', 3), ('03054', 'Same Old Thing', 'same_old_thing', 'cac', 'runner', 3), ('03055', 'The Source', 'the_source', 'cac', 'runner', 3), ('04001', 'Frame Job', 'frame_job', 'om', 'runner', 3), ('04002', 'Pawn', 'pawn', 'om', 'runner', 3), ('04003', 'Rook', 'rook', 'om', 'runner', 3), ('04004', 'Hostage', 'hostage', 'om', 'runner', 3), ('04005', 'Gorman Drip v1', 'gorman_drip_v1', 'om', 'runner', 3), ('04006', 'Lockpick', 'lockpick', 'om', 'runner', 3), ('04007', 'False Echo', 'false_echo', 'om', 'runner', 3), ('04008', 'Motivation', 'motivation', 'om', 'runner', 3), ('04009', 'John Masanori', 'john_masanori', 'om', 'runner', 3), ('04010', 'Project Ares', 'project_ares', 'om', 'corp', 3), ('04011', 'NEXT Bronze', 'next_bronze', 'om', 'corp', 3), ('04012', 'Celebrity Gift', 'celebrity_gift', 'om', 'corp', 3), ('04013', 'Himitsu-Bako', 'himitsu_bako', 'om', 'corp', 3), ('04014', 'Character Assassination', 'character_assassination', 'om', 'corp', 3), ('04015', 'Jackson Howard', 'jackson_howard', 'om', 'corp', 3), ('04016', 'Invasion of Privacy', 'invasion_of_privacy', 'om', 'corp', 3), ('04017', 'Geothermal Fracking', 'geothermal_fracking', 'om', 'corp', 3), ('04018', 'Swarm', 'swarm', 'om', 'corp', 3), ('04019', 'Cyberdex Trial', 'cyberdex_trial', 'om', 'corp', 3), ('04020', 'Grim', 'grim', 'om', 'corp', 3), ('04021', 'Bishop', 'bishop', 'st', 'runner', 3), ('04022', 'Scheherazade', 'scheherazade', 'st', 'runner', 3), ('04023', 'Hard at Work', 'hard_at_work', 'st', 'runner', 3), ('04024', 'Recon', 'recon', 'st', 'runner', 3), ('04025', 'Copycat', 'copycat', 'st', 'runner', 3), ('04026', 'Leviathan', 'leviathan', 'st', 'runner', 3), ('04027', 'Eureka!', 'eureka_', 'st', 'runner', 3), ('04028', 'Record Reconstructor', 'record_reconstructor', 'st', 'runner', 3), ('04029', 'Prepaid VoicePAD', 'prepaid_voicepad', 'st', 'runner', 3), ('04030', 'Wotan', 'wotan', 'st', 'corp', 3), ('04031', 'Hellion Alpha Test', 'hellion_alpha_test', 'st', 'corp', 3), ('04032', 'Clone Retirement', 'clone_retirement', 'st', 'corp', 3), ('04033', 'Swordsman', 'swordsman', 'st', 'corp', 3), ('04034', 'Shipment from SanSan', 'shipment_from_sansan', 'st', 'corp', 3), ('04035', 'Muckraker', 'muckraker', 'st', 'corp', 3), ('04036', 'The Cleaners', 'the_cleaners', 'st', 'corp', 3), ('04037', 'Elizabeth Mills', 'elizabeth_mills', 'st', 'corp', 3), ('04038', 'Off the Grid', 'off_the_grid', 'st', 'corp', 3), ('04039', 'Profiteering', 'profiteering', 'st', 'corp', 3), ('04040', 'Restructure', 'restructure', 'st', 'corp', 3), ('04041', 'Reina Roja: Freedom Fighter', 'reina_roja__freedom_fighter', 'mt', 'runner', 3), ('04042', 'Deep Red', 'deep_red', 'mt', 'runner', 3), ('04043', 'Knight', 'knight', 'mt', 'runner', 3), ('04044', 'Running Interference', 'running_interference', 'mt', 'runner', 3), ('04045', 'Expert Schedule Analyzer', 'expert_schedule_analyzer', 'mt', 'runner', 3), ('04046', 'Grifter', 'grifter', 'mt', 'runner', 3), ('04047', 'Torch', 'torch', 'mt', 'runner', 3), ('04048', 'Woman in the Red Dress', 'woman_in_the_red_dress', 'mt', 'runner', 3), ('04049', 'Raymond Flint', 'raymond_flint', 'mt', 'runner', 3), ('04050', 'Isabel McGuire', 'isabel_mcguire', 'mt', 'corp', 3), ('04051', 'Hudson 1.0', 'hudson_1_0', 'mt', 'corp', 3), ('04052', 'Accelerated Diagnostics', 'accelerated_diagnostics', 'mt', 'corp', 3), ('04053', 'Unorthodox Predictions', 'unorthodox_predictions', 'mt', 'corp', 3), ('04054', 'Sundew', 'sundew', 'mt', 'corp', 3), ('04055', 'City Surveillance', 'city_surveillance', 'mt', 'corp', 3), ('04056', 'Snoop', 'snoop', 'mt', 'corp', 3), ('04057', 'Ireress', 'ireress', 'mt', 'corp', 3), ('04058', 'Power Shutdown', 'power_shutdown', 'mt', 'corp', 3), ('04059', 'Paper Wall', 'paper_wall', 'mt', 'corp', 3), ('04060', 'Interns', 'interns', 'mt', 'corp', 3), ('04061', 'Keyhole', 'keyhole', 'tc', 'runner', 3), ('04062', 'Activist Support', 'activist_support', 'tc', 'runner', 3), ('04063', 'Lawyer Up', 'lawyer_up', 'tc', 'runner', 3), ('04064', 'Leverage', 'leverage', 'tc', 'runner', 3), ('04065', 'Garrote', 'garrote', 'tc', 'runner', 3), ('04066', 'LLDS Processor', 'llds_processor', 'tc', 'runner', 3), ('04067', 'Sharpshooter', 'sharpshooter', 'tc', 'runner', 3), ('04068', 'Capstone', 'capstone', 'tc', 'runner', 3), ('04069', 'Starlight Crusade Funding', 'starlight_crusade_funding', 'tc', 'runner', 3), ('04070', 'Rex Campaign', 'rex_campaign', 'tc', 'corp', 3), ('04071', 'Fenris', 'fenris', 'tc', 'corp', 3), ('04072', 'Panic Button', 'panic_button', 'tc', 'corp', 3), ('04073', 'Shock!', 'shock_', 'tc', 'corp', 3), ('04074', 'Tsurugi', 'tsurugi', 'tc', 'corp', 3), ('04075', 'TGTBT', 'tgtbt', 'tc', 'corp', 3), ('04076', 'Sweeps Week', 'sweeps_week', 'tc', 'corp', 3), ('04077', 'RSVP', 'rsvp', 'tc', 'corp', 3), ('04078', 'Curtain Wall', 'curtain_wall', 'tc', 'corp', 3), ('04079', 'Punitive Counterstrike', 'punitive_counterstrike', 'tc', 'corp', 3), ('04080', 'Veterans Program', 'veterans_program', 'tc', 'corp', 3), ('04081', 'Quest Completed', 'quest_completed', 'fal', 'runner', 3), ('04082', 'Hemorrhage', 'hemorrhage', 'fal', 'runner', 3), ('04083', 'Tallie Perrault', 'tallie_perrault', 'fal', 'runner', 3), ('04084', 'Executive Wiretaps', 'executive_wiretaps', 'fal', 'runner', 3), ('04085', 'Blackguard', 'blackguard', 'fal', 'runner', 3), ('04086', 'CyberSolutions Mem Chip', 'cybersolutions_mem_chip', 'fal', 'runner', 3), ('04087', 'Alpha', 'alpha', 'fal', 'runner', 3), ('04088', 'Omega', 'omega', 'fal', 'runner', 3), ('04089', 'Blackmail', 'blackmail', 'fal', 'runner', 3), ('04090', 'Blue Level Clearance', 'blue_level_clearance', 'fal', 'corp', 3), ('04091', 'Strongbox', 'strongbox', 'fal', 'corp', 3), ('04092', 'Toshiyuki Sakai', 'toshiyuki_sakai', 'fal', 'corp', 3), ('04093', 'Yagura', 'yagura', 'fal', 'corp', 3), ('04094', 'Restoring Face', 'restoring_face', 'fal', 'corp', 3), ('04095', 'Market Research', 'market_research', 'fal', 'corp', 3), ('04096', 'Wraparound', 'wraparound', 'fal', 'corp', 3), ('04097', 'GRNDL: Power Unleashed', 'grndl__power_unleashed', 'fal', 'corp', 3), ('04098', 'Vulcan Coverup', 'vulcan_coverup', 'fal', 'corp', 3), ('04099', 'GRNDL Refinery', 'grndl_refinery', 'fal', 'corp', 3), ('04100', 'Subliminal Messaging', 'subliminal_messaging', 'fal', 'corp', 3), ('04101', 'Singularity', 'singularity', 'dt', 'runner', 3), ('04102', 'Queen''s Gambit', 'queen_s_gambit', 'dt', 'runner', 3), ('04103', 'Dyson Fractal Generator', 'dyson_fractal_generator', 'dt', 'runner', 3), ('04104', 'Silencer', 'silencer', 'dt', 'runner', 3), ('04105', 'Savoir-faire', 'savoir_faire', 'dt', 'runner', 3), ('04106', 'Fall Guy', 'fall_guy', 'dt', 'runner', 3), ('04107', 'Power Nap', 'power_nap', 'dt', 'runner', 3), ('04108', 'Paintbrush', 'paintbrush', 'dt', 'runner', 3), ('04109', 'Lucky Find', 'lucky_find', 'dt', 'runner', 3), ('04110', 'Gyri Labyrinth', 'gyri_labyrinth', 'dt', 'corp', 3), ('04111', 'Reclamation Order', 'reclamation_order', 'dt', 'corp', 3), ('04112', 'Broadcast Square', 'broadcast_square', 'dt', 'corp', 3), ('04113', 'Corporate Shuffle', 'corporate_shuffle', 'dt', 'corp', 3), ('04114', 'Caprice Nisei', 'caprice_nisei', 'dt', 'corp', 3), ('04115', 'Shinobi', 'shinobi', 'dt', 'corp', 3), ('04116', 'Marker', 'marker', 'dt', 'corp', 3), ('04117', 'Hive', 'hive', 'dt', 'corp', 3), ('04118', 'Witness Tampering', 'witness_tampering', 'dt', 'corp', 3), ('04119', 'NAPD Contract', 'napd_contract', 'dt', 'corp', 3), ('04120', 'Quandary', 'quandary', 'dt', 'corp', 3), ('05001', 'Harmony Medtech: Biomedical Pioneer', 'harmony_medtech__biomedical_pioneer', 'hap', 'corp', 3), ('05002', 'Nisei Division: The Next Generation', 'nisei_division__the_next_generation', 'hap', 'corp', 3), ('05003', 'Tennin Institute: The Secrets Within', 'tennin_institute__the_secrets_within', 'hap', 'corp', 3), ('05004', 'House of Knives', 'house_of_knives', 'hap', 'corp', 3), ('05005', 'Medical Breakthrough', 'medical_breakthrough', 'hap', 'corp', 3), ('05006', 'Philotic Entanglement', 'philotic_entanglement', 'hap', 'corp', 3), ('05007', 'The Future Perfect', 'the_future_perfect', 'hap', 'corp', 3), ('05008', 'Chairman Hiro', 'chairman_hiro', 'hap', 'corp', 3), ('05009', 'Mental Health Clinic', 'mental_health_clinic', 'hap', 'corp', 3), ('05010', 'Psychic Field', 'psychic_field', 'hap', 'corp', 3), ('05011', 'Shi.Kyū', 'shi_kyū', 'hap', 'corp', 3), ('05012', 'Tenma Line', 'tenma_line', 'hap', 'corp', 3), ('05013', 'Cerebral Cast', 'cerebral_cast', 'hap', 'corp', 3), ('05014', 'Medical Research Fundraiser', 'medical_research_fundraiser', 'hap', 'corp', 3), ('05015', 'Mushin No Shin', 'mushin_no_shin', 'hap', 'corp', 3), ('05016', 'Inazuma', 'inazuma', 'hap', 'corp', 3), ('05017', 'Komainu', 'komainu', 'hap', 'corp', 3), ('05018', 'Pup', 'pup', 'hap', 'corp', 3), ('05019', 'Shiro', 'shiro', 'hap', 'corp', 3), ('05020', 'Susanoo-no-Mikoto', 'susanoo_no_mikoto', 'hap', 'corp', 3), ('05021', 'NeoTokyo Grid', 'neotokyo_grid', 'hap', 'corp', 3), ('05022', 'Tori Hanzō', 'tori_hanzō', 'hap', 'corp', 3), ('05023', 'Plan B', 'plan_b', 'hap', 'corp', 3), ('05024', 'Guard', 'guard', 'hap', 'corp', 3), ('05025', 'Rainbow', 'rainbow', 'hap', 'corp', 3), ('05026', 'Diversified Portfolio', 'diversified_portfolio', 'hap', 'corp', 3), ('05027', 'Fast Track', 'fast_track', 'hap', 'corp', 3), ('05028', 'Iain Stirling: Retired Spook', 'iain_stirling__retired_spook', 'hap', 'runner', 3), ('05029', 'Ken “Express” Tenma: Disappeared Clone', 'ken__express__tenma__disappeared_clone', 'hap', 'runner', 3), ('05030', 'Silhouette: Stealth Operative', 'silhouette__stealth_operative', 'hap', 'runner', 3), ('05031', 'Calling in Favors', 'calling_in_favors', 'hap', 'runner', 3), ('05032', 'Early Bird', 'early_bird', 'hap', 'runner', 3), ('05033', 'Express Delivery', 'express_delivery', 'hap', 'runner', 3), ('05034', 'Feint', 'feint', 'hap', 'runner', 3), ('05035', 'Legwork', 'legwork', 'hap', 'runner', 3), ('05036', 'Planned Assault', 'planned_assault', 'hap', 'runner', 3), ('05037', 'Logos', 'logos', 'hap', 'runner', 3), ('05038', 'Public Terminal', 'public_terminal', 'hap', 'runner', 3), ('05039', 'Unregistered S&W ''35', 'unregistered_s_w__35', 'hap', 'runner', 3), ('05040', 'Window', 'window', 'hap', 'runner', 3), ('05041', 'Alias', 'alias', 'hap', 'runner', 3), ('05042', 'Breach', 'breach', 'hap', 'runner', 3), ('05043', 'Bug', 'bug', 'hap', 'runner', 3), ('05044', 'Gingerbread', 'gingerbread', 'hap', 'runner', 3), ('05045', 'Grappling Hook', 'grappling_hook', 'hap', 'runner', 3), ('05046', 'Passport', 'passport', 'hap', 'runner', 3), ('05047', 'Push Your Luck', 'push_your_luck', 'hap', 'runner', 3), ('05048', 'Security Testing', 'security_testing', 'hap', 'runner', 3), ('05049', 'Theophilius Bagbiter', 'theophilius_bagbiter', 'hap', 'runner', 3), ('05050', 'Tri-maf Contact', 'tri_maf_contact', 'hap', 'runner', 3), ('05051', 'Mass Install', 'mass_install', 'hap', 'runner', 3), ('05052', 'Q-Coherence Chip', 'q_coherence_chip', 'hap', 'runner', 3), ('05053', 'Overmind', 'overmind', 'hap', 'runner', 3), ('05054', 'Oracle May', 'oracle_may', 'hap', 'runner', 3), ('05055', 'Donut Taganes', 'donut_taganes', 'hap', 'runner', 3), ('06001', 'Domestic Sleepers', 'domestic_sleepers', 'up', 'corp', 3), ('06002', 'NEXT Silver', 'next_silver', 'up', 'corp', 3), ('06003', 'Lotus Field', 'lotus_field', 'up', 'corp', 3), ('06004', 'Mutate', 'mutate', 'up', 'corp', 3), ('06005', 'Near-Earth Hub: Broadcast Center', 'near_earth_hub__broadcast_center', 'up', 'corp', 3), ('06006', 'Primary Transmission Dish', 'primary_transmission_dish', 'up', 'corp', 3), ('06007', 'Midway Station Grid', 'midway_station_grid', 'up', 'corp', 3), ('06008', 'The Root', 'the_root', 'up', 'corp', 3), ('06009', 'Taurus', 'taurus', 'up', 'corp', 3), ('06010', 'Mother Goddess', 'mother_goddess', 'up', 'corp', 3), ('06011', 'Galahad', 'galahad', 'up', 'corp', 3), ('06012', 'Bad Times', 'bad_times', 'up', 'corp', 3), ('06013', 'Cyber Threat', 'cyber_threat', 'up', 'runner', 3), ('06014', 'Lamprey', 'lamprey', 'up', 'runner', 3), ('06015', 'Paper Tripping', 'paper_tripping', 'up', 'runner', 3), ('06016', 'Power Tap', 'power_tap', 'up', 'runner', 3), ('06017', 'Nasir Meidan: Cyber Explorer', 'nasir_meidan__cyber_explorer', 'up', 'runner', 3), ('06018', 'Social Engineering', 'social_engineering', 'up', 'runner', 3), ('06019', 'Leprechaun', 'leprechaun', 'up', 'runner', 3), ('06020', 'Eden Shard', 'eden_shard', 'up', 'runner', 3), ('06021', 'The Foundry: Refining the Process', 'the_foundry__refining_the_process', 'tsb', 'corp', 3), ('06022', 'Enhanced Login Protocol', 'enhanced_login_protocol', 'tsb', 'corp', 3), ('06023', 'Heinlein Grid', 'heinlein_grid', 'tsb', 'corp', 3), ('06024', 'Encrypted Portals', 'encrypted_portals', 'tsb', 'corp', 3), ('06025', 'Cerebral Static', 'cerebral_static', 'tsb', 'corp', 3), ('06026', 'Targeted Marketing', 'targeted_marketing', 'tsb', 'corp', 3), ('06027', 'Information Overload', 'information_overload', 'tsb', 'corp', 3), ('06028', 'Paywall Implementation', 'paywall_implementation', 'tsb', 'corp', 3);
INSERT INTO cards (code, title, title_normalized, pack_code, side, quantity) VALUES ('06029', 'Sealed Vault', 'sealed_vault', 'tsb', 'corp', 3), ('06030', 'Eden Fragment', 'eden_fragment', 'tsb', 'corp', 3), ('06031', 'Lag Time', 'lag_time', 'tsb', 'corp', 3), ('06032', 'Will-o''-the-Wisp', 'will_o__the_wisp', 'tsb', 'corp', 3), ('06033', 'D4v1d', 'd4v1d', 'tsb', 'runner', 3), ('06034', 'Scrubbed', 'scrubbed', 'tsb', 'runner', 3), ('06035', 'Three Steps Ahead', 'three_steps_ahead', 'tsb', 'runner', 3), ('06036', 'Unscheduled Maintenance', 'unscheduled_maintenance', 'tsb', 'runner', 3), ('06037', 'Cache', 'cache', 'tsb', 'runner', 3), ('06038', 'Net Celebrity', 'net_celebrity', 'tsb', 'runner', 3), ('06039', 'LLDS Energy Regulator', 'llds_energy_regulator', 'tsb', 'runner', 3), ('06040', 'Ghost Runner', 'ghost_runner', 'tsb', 'runner', 3), ('06041', 'IQ', 'iq', 'fc', 'corp', 3), ('06042', 'Eliza''s Toybox', 'eliza_s_toybox', 'fc', 'corp', 3), ('06043', 'Kitsune', 'kitsune', 'fc', 'corp', 3), ('06044', 'Port Anson Grid', 'port_anson_grid', 'fc', 'corp', 3), ('06045', 'The News Now Hour', 'the_news_now_hour', 'fc', 'corp', 3), ('06046', 'Manhunt', 'manhunt', 'fc', 'corp', 3), ('06047', 'Wendigo', 'wendigo', 'fc', 'corp', 3), ('06048', 'Crisium Grid', 'crisium_grid', 'fc', 'corp', 3), ('06049', 'Chronos Project', 'chronos_project', 'fc', 'corp', 3), ('06050', 'Shattered Remains', 'shattered_remains', 'fc', 'corp', 3), ('06051', 'Lancelot', 'lancelot', 'fc', 'corp', 3), ('06052', 'Quetzal: Free Spirit', 'quetzal__free_spirit', 'fc', 'runner', 3), ('06053', 'BlacKat', 'blackat', 'fc', 'runner', 3), ('06054', 'Duggar''s', 'duggar_s', 'fc', 'runner', 3), ('06055', 'Box-E', 'box_e', 'fc', 'runner', 3), ('06056', 'The Supplier', 'the_supplier', 'fc', 'runner', 3), ('06057', 'Refractor', 'refractor', 'fc', 'runner', 3), ('06058', 'Order of Sol', 'order_of_sol', 'fc', 'runner', 3), ('06059', 'Hades Shard', 'hades_shard', 'fc', 'runner', 3), ('06060', 'Rachel Beckman', 'rachel_beckman', 'fc', 'runner', 3), ('06061', 'Architect', 'architect', 'uao', 'corp', 3), ('06062', 'Peak Efficiency', 'peak_efficiency', 'uao', 'corp', 3), ('06063', 'Labyrinthine Servers', 'labyrinthine_servers', 'uao', 'corp', 3), ('06064', 'Ashigaru', 'ashigaru', 'uao', 'corp', 3), ('06065', 'Mamba', 'mamba', 'uao', 'corp', 3), ('06066', 'Reversed Accounts', 'reversed_accounts', 'uao', 'corp', 3), ('06067', 'Universal Connectivity Fee', 'universal_connectivity_fee', 'uao', 'corp', 3), ('06068', 'Blue Sun: Powering the Future', 'blue_sun__powering_the_future', 'uao', 'corp', 3), ('06069', 'Changeling', 'changeling', 'uao', 'corp', 3), ('06070', 'Reuse', 'reuse', 'uao', 'corp', 3), ('06071', 'Hades Fragment', 'hades_fragment', 'uao', 'corp', 3), ('06072', 'Docklands Crackdown', 'docklands_crackdown', 'uao', 'corp', 3), ('06073', 'Inject', 'inject', 'uao', 'runner', 3), ('06074', 'Origami', 'origami', 'uao', 'runner', 3), ('06075', 'Fester', 'fester', 'uao', 'runner', 3), ('06076', 'Autoscripter', 'autoscripter', 'uao', 'runner', 3), ('06077', 'Switchblade', 'switchblade', 'uao', 'runner', 3), ('06078', 'Trade-In', 'trade_in', 'uao', 'runner', 3), ('06079', 'Astrolabe', 'astrolabe', 'uao', 'runner', 3), ('06080', 'Angel Arena', 'angel_arena', 'uao', 'runner', 3), ('06081', 'Bifrost Array', 'bifrost_array', 'atr', 'corp', 3), ('06082', 'Sagittarius', 'sagittarius', 'atr', 'corp', 3), ('06083', 'Hostile Infrastructure', 'hostile_infrastructure', 'atr', 'corp', 3), ('06084', 'Gemini', 'gemini', 'atr', 'corp', 3), ('06085', 'License Acquisition', 'license_acquisition', 'atr', 'corp', 3), ('06086', 'Daily Business Show', 'daily_business_show', 'atr', 'corp', 3), ('06087', 'Superior Cyberwalls', 'superior_cyberwalls', 'atr', 'corp', 3), ('06088', 'Executive Boot Camp', 'executive_boot_camp', 'atr', 'corp', 3), ('06089', 'Lycan', 'lycan', 'atr', 'corp', 3), ('06090', 'Snatch and Grab', 'snatch_and_grab', 'atr', 'corp', 3), ('06091', 'Merlin', 'merlin', 'atr', 'corp', 3), ('06092', 'Shell Corporation', 'shell_corporation', 'atr', 'corp', 3), ('06093', 'Ekomind', 'ekomind', 'atr', 'runner', 3), ('06094', 'Cerberus "Cuj.0" H3', 'cerberus__cuj_0__h3', 'atr', 'runner', 3), ('06095', 'Leela Patel: Trained Pragmatist', 'leela_patel__trained_pragmatist', 'atr', 'runner', 3), ('06096', 'Cerberus "Rex" H2', 'cerberus__rex__h2', 'atr', 'runner', 3), ('06097', 'Zona Sul Shipping', 'zona_sul_shipping', 'atr', 'runner', 3), ('06098', 'Cybsoft MacroDrive', 'cybsoft_macrodrive', 'atr', 'runner', 3), ('06099', 'Cerberus "Lady" H1', 'cerberus__lady__h1', 'atr', 'runner', 3), ('06100', 'Utopia Shard', 'utopia_shard', 'atr', 'runner', 3), ('06101', 'Helium-3 Deposit', 'helium_3_deposit', 'ts', 'corp', 3), ('06102', 'Errand Boy', 'errand_boy', 'ts', 'corp', 3), ('06103', 'IT Department', 'it_department', 'ts', 'corp', 3), ('06104', 'Markus 1.0', 'markus_1_0', 'ts', 'corp', 3), ('06105', 'Industrial Genomics: Growing Solutions', 'industrial_genomics__growing_solutions', 'ts', 'corp', 3), ('06106', 'Turtlebacks', 'turtlebacks', 'ts', 'corp', 3), ('06107', 'Shoot the Moon', 'shoot_the_moon', 'ts', 'corp', 3), ('06108', 'Troll', 'troll', 'ts', 'corp', 3), ('06109', 'Virgo', 'virgo', 'ts', 'corp', 3), ('06110', 'Utopia Fragment', 'utopia_fragment', 'ts', 'corp', 3), ('06111', 'Excalibur', 'excalibur', 'ts', 'corp', 3), ('06112', 'Self-destruct', 'self_destruct', 'ts', 'corp', 3), ('06113', 'Incubator', 'incubator', 'ts', 'runner', 3), ('06114', 'Ixodidae', 'ixodidae', 'ts', 'runner', 3), ('06115', 'Code Siphon', 'code_siphon', 'ts', 'runner', 3), ('06116', 'Collective Consciousness', 'collective_consciousness', 'ts', 'runner', 3), ('06117', 'Sage', 'sage', 'ts', 'runner', 3), ('06118', 'Bribery', 'bribery', 'ts', 'runner', 3), ('06119', 'Au Revoir', 'au_revoir', 'ts', 'runner', 3), ('06120', 'Earthrise Hotel', 'earthrise_hotel', 'ts', 'runner', 3), ('07001', 'Argus Security: Protection Guaranteed', 'argus_security__protection_guaranteed', 'oac', 'corp', 3), ('07002', 'Gagarin Deep Space: Expanding the Horizon', 'gagarin_deep_space__expanding_the_horizon', 'oac', 'corp', 3), ('07003', 'Titan Transnational: Investing In Your Future', 'titan_transnational__investing_in_your_future', 'oac', 'corp', 3), ('07004', 'Firmware Updates', 'firmware_updates', 'oac', 'corp', 3), ('07005', 'Glenn Station', 'glenn_station', 'oac', 'corp', 3), ('07006', 'Government Takeover', 'government_takeover', 'oac', 'corp', 3), ('07007', 'High-Risk Investment', 'high_risk_investment', 'oac', 'corp', 3), ('07008', 'Constellation Protocol', 'constellation_protocol', 'oac', 'corp', 3), ('07009', 'Mark Yale', 'mark_yale', 'oac', 'corp', 3), ('07010', 'Space Camp', 'space_camp', 'oac', 'corp', 3), ('07011', 'The Board', 'the_board', 'oac', 'corp', 3), ('07012', 'Asteroid Belt', 'asteroid_belt', 'oac', 'corp', 3), ('07013', 'Wormhole', 'wormhole', 'oac', 'corp', 3), ('07014', 'Nebula', 'nebula', 'oac', 'corp', 3), ('07015', 'Orion', 'orion', 'oac', 'corp', 3), ('07016', 'Builder', 'builder', 'oac', 'corp', 3), ('07017', 'Checkpoint', 'checkpoint', 'oac', 'corp', 3), ('07018', 'Fire Wall', 'fire_wall', 'oac', 'corp', 3), ('07019', 'Searchlight', 'searchlight', 'oac', 'corp', 3), ('07020', 'Housekeeping', 'housekeeping', 'oac', 'corp', 3), ('07021', 'Patch', 'patch', 'oac', 'corp', 3), ('07022', 'Traffic Accident', 'traffic_accident', 'oac', 'corp', 3), ('07023', 'Satellite Grid', 'satellite_grid', 'oac', 'corp', 3), ('07024', 'The Twins', 'the_twins', 'oac', 'corp', 3), ('07025', 'Sub Boost', 'sub_boost', 'oac', 'corp', 3), ('07026', 'Dedicated Technician Team', 'dedicated_technician_team', 'oac', 'corp', 3), ('07027', 'Cyberdex Virus Suite', 'cyberdex_virus_suite', 'oac', 'corp', 3), ('07028', 'Edward Kim: Humanity''s Hammer', 'edward_kim__humanity_s_hammer', 'oac', 'runner', 3), ('07029', 'MaxX: Maximum Punk Rock', 'maxx__maximum_punk_rock', 'oac', 'runner', 3), ('07030', 'Valencia Estevez: The Angel of Cayambe', 'valencia_estevez__the_angel_of_cayambe', 'oac', 'runner', 3), ('07031', 'Amped Up', 'amped_up', 'oac', 'runner', 3), ('07032', 'I''ve Had Worse', 'i_ve_had_worse', 'oac', 'runner', 3), ('07033', 'Itinerant Protesters', 'itinerant_protesters', 'oac', 'runner', 3), ('07034', 'Showing Off', 'showing_off', 'oac', 'runner', 3), ('07035', 'Wanton Destruction', 'wanton_destruction', 'oac', 'runner', 3), ('07036', 'Day Job', 'day_job', 'oac', 'runner', 3), ('07037', 'Forked', 'forked', 'oac', 'runner', 3), ('07038', 'Knifed', 'knifed', 'oac', 'runner', 3), ('07039', 'Spooned', 'spooned', 'oac', 'runner', 3), ('07040', 'Eater', 'eater', 'oac', 'runner', 3), ('07041', 'Gravedigger', 'gravedigger', 'oac', 'runner', 3), ('07042', 'Hivemind', 'hivemind', 'oac', 'runner', 3), ('07043', 'Progenitor', 'progenitor', 'oac', 'runner', 3), ('07044', 'Archives Interface', 'archives_interface', 'oac', 'runner', 3), ('07045', 'Chop Bot 3000', 'chop_bot_3000', 'oac', 'runner', 3), ('07046', 'MemStrips', 'memstrips', 'oac', 'runner', 3), ('07047', 'Vigil', 'vigil', 'oac', 'runner', 3), ('07048', 'Human First', 'human_first', 'oac', 'runner', 3), ('07049', 'Investigative Journalism', 'investigative_journalism', 'oac', 'runner', 3), ('07050', 'Sacrificial Clone', 'sacrificial_clone', 'oac', 'runner', 3), ('07051', 'Stim Dealer', 'stim_dealer', 'oac', 'runner', 3), ('07052', 'Virus Breeding Ground', 'virus_breeding_ground', 'oac', 'runner', 3), ('07053', 'Uninstall', 'uninstall', 'oac', 'runner', 3), ('07054', 'Qianju PT', 'qianju_pt', 'oac', 'runner', 3), ('07055', 'Data Folding', 'data_folding', 'oac', 'runner', 3), ('08001', 'Clot', 'clot', 'val', 'runner', 3), ('08002', 'Paige Piper', 'paige_piper', 'val', 'runner', 3), ('08003', 'Adjusted Chronotype', 'adjusted_chronotype', 'val', 'runner', 3), ('08004', 'Spike', 'spike', 'val', 'runner', 3), ('08005', 'Enhanced Vision', 'enhanced_vision', 'val', 'runner', 3), ('08006', 'Gene Conditioning Shoppe', 'gene_conditioning_shoppe', 'val', 'runner', 3), ('08007', 'Synthetic Blood', 'synthetic_blood', 'val', 'runner', 3), ('08008', 'Traffic Jam', 'traffic_jam', 'val', 'runner', 3), ('08009', 'Symmetrical Visage', 'symmetrical_visage', 'val', 'runner', 3), ('08010', 'Brain-Taping Warehouse', 'brain_taping_warehouse', 'val', 'corp', 3), ('08011', 'NEXT Gold', 'next_gold', 'val', 'corp', 3), ('08012', 'Jinteki Biotech: Life Imagined', 'jinteki_biotech__life_imagined', 'val', 'corp', 3), ('08013', 'Genetic Resequencing', 'genetic_resequencing', 'val', 'corp', 3), ('08014', 'Cortex Lock', 'cortex_lock', 'val', 'corp', 3), ('08015', 'Valley Grid', 'valley_grid', 'val', 'corp', 3), ('08016', 'Bandwidth', 'bandwidth', 'val', 'corp', 3), ('08017', 'Predictive Algorithm', 'predictive_algorithm', 'val', 'corp', 3), ('08018', 'Capital Investors', 'capital_investors', 'val', 'corp', 3), ('08019', 'Negotiator', 'negotiator', 'val', 'corp', 3), ('08020', 'Tech Startup', 'tech_startup', 'val', 'corp', 3), ('08021', 'Hacktivist Meeting', 'hacktivist_meeting', 'bb', 'runner', 3), ('08022', 'Off-Campus Apartment', 'off_campus_apartment', 'bb', 'runner', 3), ('08023', 'Career Fair', 'career_fair', 'bb', 'runner', 3), ('08024', 'Dorm Computer', 'dorm_computer', 'bb', 'runner', 3), ('08025', 'Hayley Kaplan: Universal Scholar', 'hayley_kaplan__universal_scholar', 'bb', 'runner', 3), ('08026', 'Game Day', 'game_day', 'bb', 'runner', 3), ('08027', 'Comet', 'comet', 'bb', 'runner', 3), ('08028', 'Study Guide', 'study_guide', 'bb', 'runner', 3), ('08029', 'London Library', 'london_library', 'bb', 'runner', 3), ('08030', 'Tyson Observatory', 'tyson_observatory', 'bb', 'runner', 3), ('08031', 'Beach Party', 'beach_party', 'bb', 'runner', 3), ('08032', 'Research Grant', 'research_grant', 'bb', 'corp', 3), ('08033', 'Turing', 'turing', 'bb', 'corp', 3), ('08034', 'Crick', 'crick', 'bb', 'corp', 3), ('08035', 'Recruiting Trip', 'recruiting_trip', 'bb', 'corp', 3), ('08036', 'Blacklist', 'blacklist', 'bb', 'corp', 3), ('08037', 'Gutenberg', 'gutenberg', 'bb', 'corp', 3), ('08038', 'Student Loans', 'student_loans', 'bb', 'corp', 3), ('08039', 'Meru Mati', 'meru_mati', 'bb', 'corp', 3), ('08040', 'Breaker Bay Grid', 'breaker_bay_grid', 'bb', 'corp', 3), ('08041', 'Immolation Script', 'immolation_script', 'cc', 'runner', 3), ('08042', 'Skulljack', 'skulljack', 'cc', 'runner', 3), ('08043', 'Turntable', 'turntable', 'cc', 'runner', 3), ('08044', 'Chrome Parlor', 'chrome_parlor', 'cc', 'runner', 3), ('08045', 'Titanium Ribs', 'titanium_ribs', 'cc', 'runner', 3), ('08046', 'Crowbar', 'crowbar', 'cc', 'runner', 3), ('08047', 'Net-Ready Eyes', 'net_ready_eyes', 'cc', 'runner', 3), ('08048', 'Analog Dreamers', 'analog_dreamers', 'cc', 'runner', 3), ('08049', 'Brain Cage', 'brain_cage', 'cc', 'runner', 3), ('08050', 'Cybernetics Division: Humanity Upgraded', 'cybernetics_division__humanity_upgraded', 'cc', 'corp', 3), ('08051', 'Self-Destruct Chips', 'self_destruct_chips', 'cc', 'corp', 3), ('08052', 'Lab Dog', 'lab_dog', 'cc', 'corp', 3), ('08053', 'Oaktown Grid', 'oaktown_grid', 'cc', 'corp', 3), ('08054', 'Ryon Knight', 'ryon_knight', 'cc', 'corp', 3), ('08055', 'Clairvoyant Monitor', 'clairvoyant_monitor', 'cc', 'corp', 3), ('08056', 'Lockdown', 'lockdown', 'cc', 'corp', 3), ('08057', 'Little Engine', 'little_engine', 'cc', 'corp', 3), ('08058', 'Oaktown Renovation', 'oaktown_renovation', 'cc', 'corp', 3), ('08059', 'Corporate Town', 'corporate_town', 'cc', 'corp', 3), ('08060', 'Quicksand', 'quicksand', 'cc', 'corp', 3), ('08061', 'Faust', 'faust', 'uw', 'runner', 3), ('08062', 'Street Peddler', 'street_peddler', 'uw', 'runner', 3), ('08063', 'Armand "Geist" Walker: Tech Lord', 'armand__geist__walker__tech_lord', 'uw', 'runner', 3), ('08064', 'Drive By', 'drive_by', 'uw', 'runner', 3), ('08065', 'Forger', 'forger', 'uw', 'runner', 3), ('08066', 'Shiv', 'shiv', 'uw', 'runner', 3), ('08067', 'Gang Sign', 'gang_sign', 'uw', 'runner', 3), ('08068', 'Muertos Gang Member', 'muertos_gang_member', 'uw', 'runner', 3), ('08069', 'Chameleon', 'chameleon', 'uw', 'runner', 3), ('08070', 'Hyperdriver', 'hyperdriver', 'uw', 'runner', 3), ('08071', 'Test Ground', 'test_ground', 'uw', 'corp', 3), ('08072', 'Defective Brainchips', 'defective_brainchips', 'uw', 'corp', 3), ('08073', 'Allele Repression', 'allele_repression', 'uw', 'corp', 3), ('08074', 'Marcus Batty', 'marcus_batty', 'uw', 'corp', 3), ('08075', 'Exposé', 'exposé', 'uw', 'corp', 3), ('08076', 'Pachinko', 'pachinko', 'uw', 'corp', 3), ('08077', 'Underway Renovation', 'underway_renovation', 'uw', 'corp', 3), ('08078', 'Contract Killer', 'contract_killer', 'uw', 'corp', 3), ('08079', 'Spiderweb', 'spiderweb', 'uw', 'corp', 3), ('08080', 'Underway Grid', 'underway_grid', 'uw', 'corp', 3), ('08081', 'Trope', 'trope', 'oh', 'runner', 3), ('08082', 'Spoilers', 'spoilers', 'oh', 'runner', 3), ('08083', 'Drug Dealer', 'drug_dealer', 'oh', 'runner', 3), ('08084', 'Rolodex', 'rolodex', 'oh', 'runner', 3), ('08085', 'Fan Site', 'fan_site', 'oh', 'runner', 3), ('08086', 'Film Critic', 'film_critic', 'oh', 'runner', 3), ('08087', 'Paparazzi', 'paparazzi', 'oh', 'runner', 3), ('08088', 'Ronald Five', 'ronald_five', 'oh', 'corp', 3), ('08089', 'Enforcer 1.0', 'enforcer_1_0', 'oh', 'corp', 3), ('08090', 'It''s a Trap!', 'it_s_a_trap_', 'oh', 'corp', 3), ('08091', 'An Offer You Can’t Refuse', 'an_offer_you_can_t_refuse', 'oh', 'corp', 3), ('08092', 'Haarpsichord Studios: Entertainment Unleashed', 'haarpsichord_studios__entertainment_unleashed', 'oh', 'corp', 3), ('08093', 'Award Bait', 'award_bait', 'oh', 'corp', 3), ('08094', 'Explode-a-palooza', 'explode_a_palooza', 'oh', 'corp', 3), ('08095', 'Early Premiere', 'early_premiere', 'oh', 'corp', 3), ('08096', 'Casting Call', 'casting_call', 'oh', 'corp', 3), ('08097', 'Old Hollywood Grid', 'old_hollywood_grid', 'oh', 'corp', 3), ('08098', 'Hollywood Renovation', 'hollywood_renovation', 'oh', 'corp', 3), ('08099', 'Back Channels', 'back_channels', 'oh', 'corp', 3), ('08100', 'Vanity Project', 'vanity_project', 'oh', 'corp', 3), ('08101', 'Power to the People', 'power_to_the_people', 'uot', 'runner', 3), ('08102', 'Surfer', 'surfer', 'uot', 'runner', 3), ('08103', 'DDoS', 'ddos', 'uot', 'runner', 3), ('08104', 'Laramy Fisk: Savvy Investor', 'laramy_fisk__savvy_investor', 'uot', 'runner', 3), ('08105', 'Fisk Investment Seminar', 'fisk_investment_seminar', 'uot', 'runner', 3), ('08106', 'Bookmark', 'bookmark', 'uot', 'runner', 3), ('08107', 'DaVinci', 'davinci', 'uot', 'runner', 3), ('08108', 'Wireless Net Pavilion', 'wireless_net_pavilion', 'uot', 'runner', 3), ('08109', 'Cybernetics Court', 'cybernetics_court', 'uot', 'corp', 3), ('08110', 'Team Sponsorship', 'team_sponsorship', 'uot', 'corp', 3), ('08111', 'Chronos Protocol: Selective Mind-mapping', 'chronos_protocol__selective_mind_mapping', 'uot', 'corp', 3), ('08112', 'Ancestral Imager', 'ancestral_imager', 'uot', 'corp', 3), ('08113', 'Genetics Pavilion', 'genetics_pavilion', 'uot', 'corp', 3), ('08114', 'Franchise City', 'franchise_city', 'uot', 'corp', 3), ('08115', 'Product Placement', 'product_placement', 'uot', 'corp', 3), ('08116', 'Worlds Plaza', 'worlds_plaza', 'uot', 'corp', 3), ('08117', 'Public Support', 'public_support', 'uot', 'corp', 3), ('08118', 'Tour Guide', 'tour_guide', 'uot', 'corp', 3), ('08119', 'Expo Grid', 'expo_grid', 'uot', 'corp', 3), ('08120', 'The Future is Now', 'the_future_is_now', 'uot', 'corp', 3), ('09001', 'SYNC: Everything, Everywhere', 'sync__everything__everywhere', 'dad', 'corp', 3), ('09002', 'New Angeles Sol: Your News', 'new_angeles_sol__your_news', 'dad', 'corp', 3), ('09003', 'Spark Agency: Worldswide Reach', 'spark_agency__worldswide_reach', 'dad', 'corp', 3), ('09004', '15 Minutes', '15_minutes', 'dad', 'corp', 3), ('09005', 'Improved Tracers', 'improved_tracers', 'dad', 'corp', 3), ('09006', 'Rebranding Team', 'rebranding_team', 'dad', 'corp', 3), ('09007', 'Quantum Predictive Model', 'quantum_predictive_model', 'dad', 'corp', 3), ('09008', 'Lily Lockwell', 'lily_lockwell', 'dad', 'corp', 3), ('09009', 'News Team', 'news_team', 'dad', 'corp', 3), ('09010', 'Shannon Claire', 'shannon_claire', 'dad', 'corp', 3), ('09011', 'Victoria Jenkins', 'victoria_jenkins', 'dad', 'corp', 3), ('09012', 'Reality Threedee', 'reality_threedee', 'dad', 'corp', 3), ('09013', 'Archangel', 'archangel', 'dad', 'corp', 3), ('09014', 'News Hound', 'news_hound', 'dad', 'corp', 3), ('09015', 'Resistor', 'resistor', 'dad', 'corp', 3), ('09016', 'Special Offer', 'special_offer', 'dad', 'corp', 3), ('09017', 'TL;DR', 'tl_dr', 'dad', 'corp', 3), ('09018', 'Turnpike', 'turnpike', 'dad', 'corp', 3), ('09019', '24/7 News Cycle', '24_7_news_cycle', 'dad', 'corp', 3), ('09020', 'Ad Blitz', 'ad_blitz', 'dad', 'corp', 3), ('09021', 'Media Blitz', 'media_blitz', 'dad', 'corp', 3), ('09022', 'The All-Seeing I', 'the_all_seeing_i', 'dad', 'corp', 3), ('09023', 'Surveillance Sweep', 'surveillance_sweep', 'dad', 'corp', 3), ('09024', 'Keegan Lane', 'keegan_lane', 'dad', 'corp', 3), ('09025', 'Rutherford Grid', 'rutherford_grid', 'dad', 'corp', 3), ('09026', 'Global Food Initiative', 'global_food_initiative', 'dad', 'corp', 3), ('09027', 'Launch Campaign', 'launch_campaign', 'dad', 'corp', 3), ('09028', 'Assassin', 'assassin', 'dad', 'corp', 3), ('09029', 'Apex: Invasive Predator', 'apex__invasive_predator', 'dad', 'runner', 3), ('09030', 'Apocalypse', 'apocalypse', 'dad', 'runner', 3), ('09031', 'Prey', 'prey', 'dad', 'runner', 3), ('09032', 'Heartbeat', 'heartbeat', 'dad', 'runner', 3), ('09033', 'Endless Hunger', 'endless_hunger', 'dad', 'runner', 3), ('09034', 'Harbinger', 'harbinger', 'dad', 'runner', 3), ('09035', 'Hunting Grounds', 'hunting_grounds', 'dad', 'runner', 3), ('09036', 'Wasteland', 'wasteland', 'dad', 'runner', 3), ('09037', 'Adam: Compulsive Hacker', 'adam__compulsive_hacker', 'dad', 'runner', 3), ('09038', 'Independent Thinking', 'independent_thinking', 'dad', 'runner', 3), ('09039', 'Brain Chip', 'brain_chip', 'dad', 'runner', 3), ('09040', 'Multithreader', 'multithreader', 'dad', 'runner', 3), ('09041', 'Always Be Running', 'always_be_running', 'dad', 'runner', 3), ('09042', 'Dr. Lovegood', 'dr__lovegood', 'dad', 'runner', 3), ('09043', 'Neutralize All Threats', 'neutralize_all_threats', 'dad', 'runner', 3), ('09044', 'Safety First', 'safety_first', 'dad', 'runner', 3), ('09045', 'Sunny Lebeau: Security Specialist', 'sunny_lebeau__security_specialist', 'dad', 'runner', 3), ('09046', 'Security Chip', 'security_chip', 'dad', 'runner', 3), ('09047', 'Security Nexus', 'security_nexus', 'dad', 'runner', 3), ('09048', 'GS Striker M1', 'gs_striker_m1', 'dad', 'runner', 3), ('09049', 'GS Shrike M2', 'gs_shrike_m2', 'dad', 'runner', 3), ('09050', 'GS Sherman M3', 'gs_sherman_m3', 'dad', 'runner', 3), ('09051', 'Globalsec Security Clearance', 'globalsec_security_clearance', 'dad', 'runner', 3), ('09052', 'Jak Sinclair', 'jak_sinclair', 'dad', 'runner', 3), ('09053', 'Employee Strike', 'employee_strike', 'dad', 'runner', 3), ('09054', 'Windfall', 'windfall', 'dad', 'runner', 3), ('09055', 'Technical Writer', 'technical_writer', 'dad', 'runner', 3), ('10001', 'Run Amok', 'run_amok', 'kg', 'runner', 3), ('10002', 'Ramujan-reliant 550 BMI', 'ramujan_reliant_550_bmi', 'kg', 'runner', 6), ('10003', 'Street Magic', 'street_magic', 'kg', 'runner', 3), ('10004', 'High-Stakes Job', 'high_stakes_job', 'kg', 'runner', 3), ('10005', 'Mongoose', 'mongoose', 'kg', 'runner', 3), ('10006', 'Jesminder Sareen: Girl Behind the Curtain', 'jesminder_sareen__girl_behind_the_curtain', 'kg', 'runner', 3), ('10007', 'Maya', 'maya', 'kg', 'runner', 3), ('10008', 'Panchatantra', 'panchatantra', 'kg', 'runner', 3), ('10009', 'Artist Colony', 'artist_colony', 'kg', 'runner', 3), ('10010', 'Chatterjee University', 'chatterjee_university', 'kg', 'runner', 3), ('10011', 'Advanced Concept Hopper', 'advanced_concept_hopper', 'kg', 'corp', 3), ('10012', 'Vikram 1.0', 'vikram_1_0', 'kg', 'corp', 3), ('10013', 'Heritage Committee', 'heritage_committee', 'kg', 'corp', 3), ('10014', 'Mumbad City Grid', 'mumbad_city_grid', 'kg', 'corp', 3), ('10015', 'Kala Ghoda Real TV', 'kala_ghoda_real_tv', 'kg', 'corp', 3), ('10016', 'Interrupt 0', 'interrupt_0', 'kg', 'corp', 3), ('10017', 'Dedication Ceremony', 'dedication_ceremony', 'kg', 'corp', 3), ('10018', 'Mumba Temple', 'mumba_temple', 'kg', 'corp', 3), ('10019', 'Museum of History', 'museum_of_history', 'kg', 'corp', 3), ('10020', 'EMP Device', 'emp_device', 'bf', 'runner', 3), ('10021', 'Diwan', 'diwan', 'bf', 'runner', 3), ('10022', 'CBI Raid', 'cbi_raid', 'bf', 'runner', 3), ('10023', 'Tech Trader', 'tech_trader', 'bf', 'runner', 3), ('10024', 'NetChip', 'netchip', 'bf', 'runner', 6), ('10025', 'Corporate Scandal', 'corporate_scandal', 'bf', 'runner', 3), ('10026', 'Populist Rally', 'populist_rally', 'bf', 'runner', 3), ('10027', 'Advanced Assembly Lines', 'advanced_assembly_lines', 'bf', 'corp', 3), ('10028', 'Lakshmi Smartfabrics', 'lakshmi_smartfabrics', 'bf', 'corp', 3), ('10029', 'Product Recall', 'product_recall', 'bf', 'corp', 3), ('10030', 'Pālanā Foods: Sustainable Growth', 'pālanā_foods__sustainable_growth', 'bf', 'corp', 3), ('10031', 'Pālanā Agroplex', 'pālanā_agroplex', 'bf', 'corp', 3), ('10032', 'Harvester', 'harvester', 'bf', 'corp', 3), ('10033', 'Remote Data Farm', 'remote_data_farm', 'bf', 'corp', 3), ('10034', 'Disposable HQ', 'disposable_hq', 'bf', 'corp', 3), ('10035', 'New Construction', 'new_construction', 'bf', 'corp', 3), ('10036', 'Mumbad Construction Co.', 'mumbad_construction_co_', 'bf', 'corp', 3), ('10037', 'Corporate Sales Team', 'corporate_sales_team', 'bf', 'corp', 3), ('10038', 'PAD Factory', 'pad_factory', 'bf', 'corp', 3), ('10039', 'Political Graffiti', 'political_graffiti', 'dag', 'runner', 3), ('10040', 'Nero Severn: Information Broker', 'nero_severn__information_broker', 'dag', 'runner', 3), ('10041', 'Reflection', 'reflection', 'dag', 'runner', 3), ('10042', 'Spy Camera', 'spy_camera', 'dag', 'runner', 6), ('10043', 'Political Operative', 'political_operative', 'dag', 'runner', 3), ('10044', 'Sadyojata', 'sadyojata', 'dag', 'runner', 3), ('10045', '"Freedom Through Equality"', '_freedom_through_equality_', 'dag', 'runner', 3), ('10046', 'Akshara Sareen', 'akshara_sareen', 'dag', 'runner', 3), ('10047', 'Councilman', 'councilman', 'dag', 'runner', 3), ('10048', 'Voting Machine Initiative', 'voting_machine_initiative', 'dag', 'corp', 3), ('10049', 'Clone Suffrage Movement', 'clone_suffrage_movement', 'dag', 'corp', 3), ('10050', 'Bio-Ethics Association', 'bio_ethics_association', 'dag', 'corp', 3), ('10051', 'Political Dealings', 'political_dealings', 'dag', 'corp', 3), ('10052', '"Clones are not People"', '_clones_are_not_people_', 'dag', 'corp', 3), ('10053', 'Sensie Actors Union', 'sensie_actors_union', 'dag', 'corp', 3), ('10054', 'Commercial Bankers Group', 'commercial_bankers_group', 'dag', 'corp', 3), ('10055', 'Mumbad City Hall', 'mumbad_city_hall', 'dag', 'corp', 3), ('10056', 'Bailiff', 'bailiff', 'dag', 'corp', 3), ('10057', 'Surat City Grid', 'surat_city_grid', 'dag', 'corp', 3), ('10058', 'Making an Entrance', 'making_an_entrance', 'si', 'runner', 3), ('10059', 'Salsette Slums', 'salsette_slums', 'si', 'runner', 3), ('10060', 'Exclusive Party', 'exclusive_party', 'si', 'runner', 6), ('10061', 'Vamadeva', 'vamadeva', 'si', 'runner', 3), ('10062', 'Brahman', 'brahman', 'si', 'runner', 3), ('10063', 'Patron', 'patron', 'si', 'runner', 3), ('10064', 'Sports Hopper', 'sports_hopper', 'si', 'runner', 3), ('10065', 'Bazaar', 'bazaar', 'si', 'runner', 3), ('10066', 'Personality Profiles', 'personality_profiles', 'si', 'corp', 3), ('10067', 'Jeeves Model Bioroids', 'jeeves_model_bioroids', 'si', 'corp', 3), ('10068', 'Raman Rai', 'raman_rai', 'si', 'corp', 3), ('10069', 'Upayoga', 'upayoga', 'si', 'corp', 3), ('10070', 'Aryabhata Tech', 'aryabhata_tech', 'si', 'corp', 3), ('10071', 'Salem''s Hospitality', 'salem_s_hospitality', 'si', 'corp', 3), ('10072', 'Executive Search Firm', 'executive_search_firm', 'si', 'corp', 3), ('10073', 'Indian Union Stock Exchange', 'indian_union_stock_exchange', 'si', 'corp', 3), ('10074', 'Cobra', 'cobra', 'si', 'corp', 3), ('10075', 'Localized Product Line', 'localized_product_line', 'si', 'corp', 3), ('10076', 'Mumbad Virtual Tour', 'mumbad_virtual_tour', 'si', 'corp', 3), ('10077', 'The Noble Path', 'the_noble_path', 'tlm', 'runner', 3), ('10078', 'Emptied Mind', 'emptied_mind', 'tlm', 'runner', 3), ('10079', 'Information Sifting', 'information_sifting', 'tlm', 'runner', 3), ('10080', 'Out of the Ashes', 'out_of_the_ashes', 'tlm', 'runner', 6), ('10081', 'Liberated Chela', 'liberated_chela', 'tlm', 'runner', 3), ('10082', 'Temple of the Liberated Mind', 'temple_of_the_liberated_mind', 'tlm', 'runner', 3), ('10083', 'Rebirth', 'rebirth', 'tlm', 'runner', 3), ('10084', 'Guru Davinder', 'guru_davinder', 'tlm', 'runner', 3), ('10085', 'The Turning Wheel', 'the_turning_wheel', 'tlm', 'runner', 3), ('10086', 'Brainstorm', 'brainstorm', 'tlm', 'corp', 3), ('10087', 'Ravana 1.0', 'ravana_1_0', 'tlm', 'corp', 3), ('10088', 'Dedicated Neural Net', 'dedicated_neural_net', 'tlm', 'corp', 3), ('10089', 'Chetana', 'chetana', 'tlm', 'corp', 3), ('10090', 'Puppet Master', 'puppet_master', 'tlm', 'corp', 3), ('10091', 'Waiver', 'waiver', 'tlm', 'corp', 3), ('10092', 'Exchange of Information', 'exchange_of_information', 'tlm', 'corp', 3), ('10093', 'Red Tape', 'red_tape', 'tlm', 'corp', 3), ('10094', 'Consulting Visit', 'consulting_visit', 'tlm', 'corp', 3), ('10095', 'Vanilla', 'vanilla', 'tlm', 'corp', 3), ('10096', 'Fear the Masses', 'fear_the_masses', 'ftm', 'runner', 6), ('10097', 'Aghora', 'aghora', 'ftm', 'runner', 3), ('10098', 'Bhagat', 'bhagat', 'ftm', 'runner', 3), ('10099', 'The Black File', 'the_black_file', 'ftm', 'runner', 3), ('10100', 'The Price of Freedom', 'the_price_of_freedom', 'ftm', 'runner', 3), ('10101', 'Ankusa', 'ankusa', 'ftm', 'runner', 3), ('10102', 'Rigged Results', 'rigged_results', 'ftm', 'runner', 3), ('10103', 'Magnet', 'magnet', 'ftm', 'corp', 3), ('10104', 'Lateral Growth', 'lateral_growth', 'ftm', 'corp', 3), ('10105', 'Improved Protein Source', 'improved_protein_source', 'ftm', 'corp', 3), ('10106', 'Voter Intimidation', 'voter_intimidation', 'ftm', 'corp', 3), ('10107', 'Harishchandra Ent.: Where You''re the Star', 'harishchandra_ent___where_you_re_the_star', 'ftm', 'corp', 3), ('10108', 'Full Immersion RecStudio', 'full_immersion_recstudio', 'ftm', 'corp', 3), ('10109', 'Ibrahim Salem', 'ibrahim_salem', 'ftm', 'corp', 3), ('10110', 'Navi Mumbai City Grid', 'navi_mumbai_city_grid', 'ftm', 'corp', 3), ('10111', 'Zealous Judge', 'zealous_judge', 'ftm', 'corp', 3), ('10112', 'Election Day', 'election_day', 'ftm', 'corp', 3), ('10113', 'Subcontract', 'subcontract', 'ftm', 'corp', 3), ('10114', 'Merger', 'merger', 'ftm', 'corp', 3), ('11001', 'System Outage', 'system_outage', '23s', 'runner', 3), ('11002', 'Null: Whistleblower', 'null__whistleblower', '23s', 'runner', 3), ('11003', 'GPI Net Tap', 'gpi_net_tap', '23s', 'runner', 3), ('11004', 'Hernando Cortez', 'hernando_cortez', '23s', 'runner', 3), ('11005', 'Mirror', 'mirror', '23s', 'runner', 3), ('11006', 'Dai V', 'dai_v', '23s', 'runner', 3), ('11007', 'Another Day, Another Paycheck', 'another_day__another_paycheck', '23s', 'runner', 3), ('11008', 'Deuces Wild', 'deuces_wild', '23s', 'runner', 3), ('11009', 'Injection Attack', 'injection_attack', '23s', 'runner', 3), ('11010', 'Fairchild 1.0', 'fairchild_1_0', '23s', 'corp', 3), ('11011', 'Sherlock 2.0', 'sherlock_2_0', '23s', 'corp', 3), ('11012', 'Hyoubu Research Facility', 'hyoubu_research_facility', '23s', 'corp', 3), ('11013', 'Chrysalis', 'chrysalis', '23s', 'corp', 3), ('11014', 'Georgia Emelyov', 'georgia_emelyov', '23s', 'corp', 3), ('11015', 'Watchdog', 'watchdog', '23s', 'corp', 3), ('11016', 'Hard-Hitting News', 'hard_hitting_news', '23s', 'corp', 3), ('11017', 'NBN: Controlling the Message', 'nbn__controlling_the_message', '23s', 'corp', 3), ('11018', 'Crisis Management', 'crisis_management', '23s', 'corp', 3), ('11019', 'Stock Buy-Back', 'stock_buy_back', '23s', 'corp', 3), ('11020', 'Sandburg', 'sandburg', '23s', 'corp', 3), ('11021', 'Credit Crash', 'credit_crash', 'bm', 'runner', 3), ('11022', 'Rumor Mill', 'rumor_mill', 'bm', 'runner', 3), ('11023', 'Nfr', 'nfr', 'bm', 'runner', 3), ('11024', 'Paperclip', 'paperclip', 'bm', 'runner', 3), ('11025', 'Golden', 'golden', 'bm', 'runner', 3), ('11026', 'Temüjin Contract', 'temüjin_contract', 'bm', 'runner', 3), ('11027', 'Khan: Savvy Skiptracer', 'khan__savvy_skiptracer', 'bm', 'runner', 3), ('11028', 'Data Breach', 'data_breach', 'bm', 'runner', 3), ('11029', 'Algo Trading', 'algo_trading', 'bm', 'runner', 3), ('11030', 'Beth Kilrain-Chang', 'beth_kilrain_chang', 'bm', 'runner', 3), ('11031', 'Fairchild 2.0', 'fairchild_2_0', 'bm', 'corp', 3), ('11032', 'Aiki', 'aiki', 'bm', 'corp', 3), ('11033', 'Enforcing Loyalty', 'enforcing_loyalty', 'bm', 'corp', 3), ('11034', 'Hatchet Job', 'hatchet_job', 'bm', 'corp', 3), ('11035', 'Special Report', 'special_report', 'bm', 'corp', 3), ('11036', 'C.I. Fund', 'c_i__fund', 'bm', 'corp', 3), ('11037', 'Liquidation', 'liquidation', 'bm', 'corp', 3), ('11038', 'Weyland Consortium: Builder of Nations', 'weyland_consortium__builder_of_nations', 'bm', 'corp', 3), ('11039', 'Financial Collapse', 'financial_collapse', 'bm', 'corp', 3), ('11040', 'Prisec', 'prisec', 'bm', 'corp', 3), ('11041', 'Obelus', 'obelus', 'es', 'runner', 3), ('11042', 'Black Orchestra', 'black_orchestra', 'es', 'runner', 3), ('11043', 'Omar Keung: Conspiracy Theorist', 'omar_keung__conspiracy_theorist', 'es', 'runner', 3), ('11044', 'Peregrine', 'peregrine', 'es', 'runner', 3), ('11045', 'Houdini', 'houdini', 'es', 'runner', 3), ('11046', 'Net Mercur', 'net_mercur', 'es', 'runner', 3), ('11047', 'Find the Truth', 'find_the_truth', 'es', 'runner', 3), ('11048', 'First Responders', 'first_responders', 'es', 'runner', 3), ('11049', 'Fairchild 3.0', 'fairchild_3_0', 'es', 'corp', 3), ('11050', 'Ark Lockdown', 'ark_lockdown', 'es', 'corp', 3), ('11051', 'Hellion Beta Test', 'hellion_beta_test', 'es', 'corp', 3), ('11052', 'Project Kusanagi', 'project_kusanagi', 'es', 'corp', 3), ('11053', 'DNA Tracker', 'dna_tracker', 'es', 'corp', 3), ('11054', 'Jinteki: Potential Unleashed', 'jinteki__potential_unleashed', 'es', 'corp', 3), ('11055', 'Alexa Belsky', 'alexa_belsky', 'es', 'corp', 3), ('11056', 'Observe and Destroy', 'observe_and_destroy', 'es', 'corp', 3), ('11057', 'Service Outage', 'service_outage', 'es', 'corp', 3), ('11058', 'BOOM!', 'boom_', 'es', 'corp', 3), ('11059', 'Door to Door', 'door_to_door', 'es', 'corp', 3), ('11060', 'Scarcity of Resources', 'scarcity_of_resources', 'es', 'corp', 3), ('11061', 'En Passant', 'en_passant', 'in', 'runner', 3), ('11062', 'Frantic Coding', 'frantic_coding', 'in', 'runner', 3), ('11063', 'The Gauntlet', 'the_gauntlet', 'in', 'runner', 3), ('11064', 'Saker', 'saker', 'in', 'runner', 3);
INSERT INTO cards (code, title, title_normalized, pack_code, side, quantity) VALUES ('11065', 'Blockade Runner', 'blockade_runner', 'in', 'runner', 3), ('11066', 'Ele "Smoke" Scovak: Cynosure of the Net', 'ele__smoke__scovak__cynosure_of_the_net', 'in', 'runner', 3), ('11067', 'Top Hat', 'top_hat', 'in', 'runner', 3), ('11068', 'Blackstone', 'blackstone', 'in', 'runner', 3), ('11069', 'Government Investigations', 'government_investigations', 'in', 'runner', 3), ('11070', 'Citadel Sanctuary', 'citadel_sanctuary', 'in', 'runner', 3), ('11071', 'Wetwork Refit', 'wetwork_refit', 'in', 'corp', 3), ('11072', 'Haas-Bioroid: Architects of Tomorrow', 'haas_bioroid__architects_of_tomorrow', 'in', 'corp', 3), ('11073', 'Fumiko Yamamori', 'fumiko_yamamori', 'in', 'corp', 3), ('11074', 'Hasty Relocation', 'hasty_relocation', 'in', 'corp', 3), ('11075', 'Data Ward', 'data_ward', 'in', 'corp', 3), ('11076', 'Drone Screen', 'drone_screen', 'in', 'corp', 3), ('11077', 'Chief Slee', 'chief_slee', 'in', 'corp', 3), ('11078', 'Bulwark', 'bulwark', 'in', 'corp', 3), ('11079', 'Best Defense', 'best_defense', 'in', 'corp', 3), ('11080', 'Preemptive Action', 'preemptive_action', 'in', 'corp', 3), ('11081', 'MKUltra', 'mkultra', 'ml', 'runner', 3), ('11082', 'On the Lam', 'on_the_lam', 'ml', 'runner', 3), ('11083', 'Cold Read', 'cold_read', 'ml', 'runner', 3), ('11084', 'Equivocation', 'equivocation', 'ml', 'runner', 3), ('11085', 'Misdirection', 'misdirection', 'ml', 'runner', 3), ('11086', 'Reaver', 'reaver', 'ml', 'runner', 3), ('11087', 'Interdiction', 'interdiction', 'ml', 'runner', 3), ('11088', 'Baba Yaga', 'baba_yaga', 'ml', 'runner', 3), ('11089', 'Fairchild', 'fairchild', 'ml', 'corp', 3), ('11090', 'Friends in High Places', 'friends_in_high_places', 'ml', 'corp', 3), ('11091', 'Manta Grid', 'manta_grid', 'ml', 'corp', 3), ('11092', 'Mind Game', 'mind_game', 'ml', 'corp', 3), ('11093', 'Nihongai Grid', 'nihongai_grid', 'ml', 'corp', 3), ('11094', 'IP Block', 'ip_block', 'ml', 'corp', 3), ('11095', 'Thoth', 'thoth', 'ml', 'corp', 3), ('11096', 'Anson Rose', 'anson_rose', 'ml', 'corp', 3), ('11097', 'Mausolus', 'mausolus', 'ml', 'corp', 3), ('11098', 'Sapper', 'sapper', 'ml', 'corp', 3), ('11099', 'Show of Force', 'show_of_force', 'ml', 'corp', 3), ('11100', 'Enforced Curfew', 'enforced_curfew', 'ml', 'corp', 3), ('11101', 'Şifr', 'şifr', 'qu', 'runner', 3), ('11102', 'Sūnya', 'sūnya', 'qu', 'runner', 3), ('11103', 'Recon Drone', 'recon_drone', 'qu', 'runner', 3), ('11104', 'Tapwrm', 'tapwrm', 'qu', 'runner', 3), ('11105', 'Tracker', 'tracker', 'qu', 'runner', 3), ('11106', 'Aaron Marrón', 'aaron_marrón', 'qu', 'runner', 3), ('11107', 'Encore', 'encore', 'qu', 'runner', 3), ('11108', 'Fawkes', 'fawkes', 'qu', 'runner', 3), ('11109', 'Peace in Our Time', 'peace_in_our_time', 'qu', 'runner', 3), ('11110', 'Sensor Net Activation', 'sensor_net_activation', 'qu', 'corp', 3), ('11111', 'Violet Level Clearance', 'violet_level_clearance', 'qu', 'corp', 3), ('11112', 'Chiyashi', 'chiyashi', 'qu', 'corp', 3), ('11113', 'Psychokinesis', 'psychokinesis', 'qu', 'corp', 3), ('11114', 'Net Quarantine', 'net_quarantine', 'qu', 'corp', 3), ('11115', 'Herald', 'herald', 'qu', 'corp', 3), ('11116', 'Veritas', 'veritas', 'qu', 'corp', 3), ('11117', 'Bryan Stinson', 'bryan_stinson', 'qu', 'corp', 3), ('11118', 'NASX', 'nasx', 'qu', 'corp', 3), ('11119', 'Macrophage', 'macrophage', 'qu', 'corp', 3), ('11120', 'Tribunal', 'tribunal', 'qu', 'corp', 3), ('12001', 'Pushing the Envelope', 'pushing_the_envelope', 'dc', 'runner', 3), ('12002', 'Maw', 'maw', 'dc', 'runner', 3), ('12003', 'The Archivist', 'the_archivist', 'dc', 'runner', 3), ('12004', 'Exploit', 'exploit', 'dc', 'runner', 3), ('12005', 'Spot the Prey', 'spot_the_prey', 'dc', 'runner', 3), ('12006', 'Bio-Modeled Network', 'bio_modeled_network', 'dc', 'runner', 3), ('12007', 'Network Exchange', 'network_exchange', 'dc', 'runner', 3), ('12008', 'Mad Dash', 'mad_dash', 'dc', 'runner', 3), ('12009', 'NEXT Wave 2', 'next_wave_2', 'dc', 'corp', 3), ('12010', 'Zed 2.0', 'zed_2_0', 'dc', 'corp', 3), ('12011', 'Defense Construct', 'defense_construct', 'dc', 'corp', 3), ('12012', 'Synth DNA Modification', 'synth_dna_modification', 'dc', 'corp', 3), ('12013', 'Kakugo', 'kakugo', 'dc', 'corp', 3), ('12014', 'Net Analytics', 'net_analytics', 'dc', 'corp', 3), ('12015', 'SYNC BRE', 'sync_bre', 'dc', 'corp', 3), ('12016', 'Jemison Astronautics: Sacrifice. Audacity. Success.', 'jemison_astronautics__sacrifice__audacity__success_', 'dc', 'corp', 3), ('12017', 'Quarantine System', 'quarantine_system', 'dc', 'corp', 3), ('12018', 'Oberth Protocol', 'oberth_protocol', 'dc', 'corp', 3), ('12019', 'Khondi Plaza', 'khondi_plaza', 'dc', 'corp', 3), ('12020', 'Signal Jamming', 'signal_jamming', 'dc', 'corp', 3), ('12021', 'Severnius Stim Implant', 'severnius_stim_implant', 'so', 'runner', 3), ('12022', 'Clan Vengeance', 'clan_vengeance', 'so', 'runner', 3), ('12023', 'Counter Surveillance', 'counter_surveillance', 'so', 'runner', 3), ('12024', 'Möbius', 'möbius', 'so', 'runner', 3), ('12025', 'Los: Data Hijacker', 'los__data_hijacker', 'so', 'runner', 3), ('12026', 'System Seizure', 'system_seizure', 'so', 'runner', 3), ('12027', 'Customized Secretary', 'customized_secretary', 'so', 'runner', 3), ('12028', 'Build Script', 'build_script', 'so', 'runner', 3), ('12029', 'Seidr Adaptive Barrier', 'seidr_adaptive_barrier', 'so', 'corp', 3), ('12030', 'Nerine 2.0', 'nerine_2_0', 'so', 'corp', 3), ('12031', 'Load Testing', 'load_testing', 'so', 'corp', 3), ('12032', 'Bloom', 'bloom', 'so', 'corp', 3), ('12033', 'Replanting', 'replanting', 'so', 'corp', 3), ('12034', 'CPC Generator', 'cpc_generator', 'so', 'corp', 3), ('12035', 'Free Lunch', 'free_lunch', 'so', 'corp', 3), ('12036', 'MCA Informant', 'mca_informant', 'so', 'corp', 3), ('12037', 'Clyde Van Rite', 'clyde_van_rite', 'so', 'corp', 3), ('12038', 'Watchtower', 'watchtower', 'so', 'corp', 3), ('12039', 'Sacrifice', 'sacrifice', 'so', 'corp', 3), ('12040', 'Self-Adapting Code Wall', 'self_adapting_code_wall', 'so', 'corp', 3), ('12041', 'Berserker', 'berserker', 'eas', 'runner', 3), ('12042', 'Persephone', 'persephone', 'eas', 'runner', 3), ('12043', 'Rubicon Switch', 'rubicon_switch', 'eas', 'runner', 3), ('12044', 'Aeneas Informant', 'aeneas_informant', 'eas', 'runner', 3), ('12045', 'Rosetta 2.0', 'rosetta_2_0', 'eas', 'runner', 3), ('12046', 'Adjusted Matrix', 'adjusted_matrix', 'eas', 'runner', 3), ('12047', 'Dedicated Processor', 'dedicated_processor', 'eas', 'runner', 3), ('12048', 'Inversificator', 'inversificator', 'eas', 'runner', 3), ('12049', 'Dadiana Chacon', 'dadiana_chacon', 'eas', 'runner', 3), ('12050', 'NEXT Opal', 'next_opal', 'eas', 'corp', 3), ('12051', 'Bioroid Work Crew', 'bioroid_work_crew', 'eas', 'corp', 3), ('12052', 'AgInfusion: New Miracles for a New World', 'aginfusion__new_miracles_for_a_new_world', 'eas', 'corp', 3), ('12053', 'Bamboo Dome', 'bamboo_dome', 'eas', 'corp', 3), ('12054', 'Ben Musashi', 'ben_musashi', 'eas', 'corp', 3), ('12055', 'Authenticator', 'authenticator', 'eas', 'corp', 3), ('12056', 'Henry Phillips', 'henry_phillips', 'eas', 'corp', 3), ('12057', 'Battlement', 'battlement', 'eas', 'corp', 3), ('12058', 'Audacity', 'audacity', 'eas', 'corp', 3), ('12059', 'Red Planet Couriers', 'red_planet_couriers', 'eas', 'corp', 3), ('12060', 'Owl', 'owl', 'eas', 'corp', 3), ('12061', 'Alice Merchant: Clan Agitator', 'alice_merchant__clan_agitator', 'baw', 'runner', 3), ('12062', 'Jarogniew Mercs', 'jarogniew_mercs', 'baw', 'runner', 3), ('12063', 'Māui', 'māui', 'baw', 'runner', 3), ('12064', 'Bug Out Bag', 'bug_out_bag', 'baw', 'runner', 3), ('12065', 'Keros Mcintyre', 'keros_mcintyre', 'baw', 'runner', 3), ('12066', 'Daredevil', 'daredevil', 'baw', 'runner', 3), ('12067', 'Mass-Driver', 'mass_driver', 'baw', 'runner', 3), ('12068', 'Warroid Tracker', 'warroid_tracker', 'baw', 'corp', 3), ('12069', 'Loki', 'loki', 'baw', 'corp', 3), ('12070', 'Obokata Protocol', 'obokata_protocol', 'baw', 'corp', 3), ('12071', 'Mirāju', 'mirāju', 'baw', 'corp', 3), ('12072', 'Shipment from Tennin', 'shipment_from_tennin', 'baw', 'corp', 3), ('12073', 'Escalate Vitriol', 'escalate_vitriol', 'baw', 'corp', 3), ('12074', 'Reeducation', 'reeducation', 'baw', 'corp', 3), ('12075', 'Traffic Analyzer', 'traffic_analyzer', 'baw', 'corp', 3), ('12076', 'Meteor Mining', 'meteor_mining', 'baw', 'corp', 3), ('12077', 'Standoff', 'standoff', 'baw', 'corp', 3), ('12078', 'Success', 'success', 'baw', 'corp', 3), ('12079', 'Whampoa Reclamation', 'whampoa_reclamation', 'baw', 'corp', 3), ('12080', 'Mass Commercialization', 'mass_commercialization', 'baw', 'corp', 3), ('12081', 'Mars for Martians', 'mars_for_martians', 'fm', 'runner', 3), ('12082', 'God of War', 'god_of_war', 'fm', 'runner', 3), ('12083', 'Leave No Trace', 'leave_no_trace', 'fm', 'runner', 3), ('12084', 'Rip Deal', 'rip_deal', 'fm', 'runner', 3), ('12085', 'Flashbang', 'flashbang', 'fm', 'runner', 3), ('12086', 'Lean and Mean', 'lean_and_mean', 'fm', 'runner', 3), ('12087', 'Maven', 'maven', 'fm', 'runner', 3), ('12088', 'Na''Not''K', 'na_not_k', 'fm', 'runner', 3), ('12089', 'Bloo Moose', 'bloo_moose', 'fm', 'runner', 3), ('12090', 'O₂ Shortage', 'o₂_shortage', 'fm', 'corp', 3), ('12091', 'Helheim Servers', 'helheim_servers', 'fm', 'corp', 3), ('12092', 'Mandatory Seed Replacement', 'mandatory_seed_replacement', 'fm', 'corp', 3), ('12093', 'Water Monopoly', 'water_monopoly', 'fm', 'corp', 3), ('12094', 'Metamorph', 'metamorph', 'fm', 'corp', 3), ('12095', 'Data Loop', 'data_loop', 'fm', 'corp', 3), ('12096', 'Biased Reporting', 'biased_reporting', 'fm', 'corp', 3), ('12097', 'Open Forum', 'open_forum', 'fm', 'corp', 3), ('12098', 'Tithonium', 'tithonium', 'fm', 'corp', 3), ('12099', 'Transparency Initiative', 'transparency_initiative', 'fm', 'corp', 3), ('12100', 'Rover Algorithm', 'rover_algorithm', 'fm', 'corp', 3), ('12101', 'Mining Accident', 'mining_accident', 'cd', 'runner', 3), ('12102', 'Respirocytes', 'respirocytes', 'cd', 'runner', 3), ('12103', 'Salvaged Vanadis Armory', 'salvaged_vanadis_armory', 'cd', 'runner', 3), ('12104', 'Aumakua', 'aumakua', 'cd', 'runner', 3), ('12105', 'Caldera', 'caldera', 'cd', 'runner', 3), ('12106', 'Diana''s Hunt', 'diana_s_hunt', 'cd', 'runner', 3), ('12107', 'Reshape', 'reshape', 'cd', 'runner', 3), ('12108', 'Dummy Box', 'dummy_box', 'cd', 'runner', 3), ('12109', 'Corporate Defector', 'corporate_defector', 'cd', 'runner', 3), ('12110', 'CFC Excavation Contract', 'cfc_excavation_contract', 'cd', 'corp', 3), ('12111', 'MCA Austerity Policy', 'mca_austerity_policy', 'cd', 'corp', 3), ('12112', 'Restore', 'restore', 'cd', 'corp', 3), ('12113', 'Breached Dome', 'breached_dome', 'cd', 'corp', 3), ('12114', 'Sand Storm', 'sand_storm', 'cd', 'corp', 3), ('12115', 'AR-Enhanced Security', 'ar_enhanced_security', 'cd', 'corp', 3), ('12116', 'Rolling Brownout', 'rolling_brownout', 'cd', 'corp', 3), ('12117', 'Threat Level Alpha', 'threat_level_alpha', 'cd', 'corp', 3), ('12118', 'Priority Construction', 'priority_construction', 'cd', 'corp', 3), ('12119', 'Fractal Threat Matrix', 'fractal_threat_matrix', 'cd', 'corp', 3), ('12120', 'Conundrum', 'conundrum', 'cd', 'corp', 3), ('13001', 'Steve Cambridge: Master Grifter', 'steve_cambridge__master_grifter', 'td', 'runner', 1), ('13002', 'Brute-Force-Hack', 'brute_force_hack', 'td', 'runner', 3), ('13003', 'Spear Phishing', 'spear_phishing', 'td', 'runner', 3), ('13004', 'SYN Attack', 'syn_attack', 'td', 'runner', 3), ('13005', 'Polyhistor', 'polyhistor', 'td', 'runner', 3), ('13006', 'Abagnale', 'abagnale', 'td', 'runner', 3), ('13007', 'Lustig', 'lustig', 'td', 'runner', 3), ('13008', 'Demara', 'demara', 'td', 'runner', 3), ('13009', 'Mammon', 'mammon', 'td', 'runner', 3), ('13010', 'Charlatan', 'charlatan', 'td', 'runner', 3), ('13011', 'Maxwell James', 'maxwell_james', 'td', 'runner', 3), ('13012', 'Ayla “Bios” Rahim: Simulant Specialist', 'ayla__bios__rahim__simulant_specialist', 'td', 'runner', 1), ('13013', 'Careful Planning', 'careful_planning', 'td', 'runner', 3), ('13014', 'Deep Data Mining', 'deep_data_mining', 'td', 'runner', 3), ('13015', 'LLDS Memory Diamond', 'llds_memory_diamond', 'td', 'runner', 3), ('13016', 'Ubax', 'ubax', 'td', 'runner', 3), ('13017', 'Adept', 'adept', 'td', 'runner', 3), ('13018', 'Savant', 'savant', 'td', 'runner', 3), ('13019', 'Egret', 'egret', 'td', 'runner', 3), ('13020', 'Dhegdheer', 'dhegdheer', 'td', 'runner', 3), ('13021', 'Levy Advanced Research Lab', 'levy_advanced_research_lab', 'td', 'runner', 3), ('13022', 'Laguna Velasco District', 'laguna_velasco_district', 'td', 'runner', 3), ('13023', 'Process Automation', 'process_automation', 'td', 'runner', 3), ('13024', 'Officer Frank', 'officer_frank', 'td', 'runner', 3), ('13025', 'Dean Lister', 'dean_lister', 'td', 'runner', 3), ('13026', 'Biometric Spoofing', 'biometric_spoofing', 'td', 'runner', 3), ('13027', 'The Shadow Net', 'the_shadow_net', 'td', 'runner', 3), ('13028', 'Seidr Laboratories: Destiny Defined', 'seidr_laboratories__destiny_defined', 'td', 'corp', 1), ('13029', 'Brain Rewiring', 'brain_rewiring', 'td', 'corp', 3), ('13030', 'Elective Upgrade', 'elective_upgrade', 'td', 'corp', 3), ('13031', 'Successful Field Test', 'successful_field_test', 'td', 'corp', 3), ('13032', 'Estelle Moon', 'estelle_moon', 'td', 'corp', 3), ('13033', 'Marilyn Campaign', 'marilyn_campaign', 'td', 'corp', 3), ('13034', 'Eli 2.0', 'eli_2_0', 'td', 'corp', 3), ('13035', 'Executive Functioning', 'executive_functioning', 'td', 'corp', 3), ('13036', 'Holmegaard', 'holmegaard', 'td', 'corp', 3), ('13037', 'Tapestry', 'tapestry', 'td', 'corp', 3), ('13038', 'Ultraviolet Clearance', 'ultraviolet_clearance', 'td', 'corp', 3), ('13039', 'Black Level Clearance', 'black_level_clearance', 'td', 'corp', 3), ('13040', 'Mason Bellamy', 'mason_bellamy', 'td', 'corp', 3), ('13041', 'Skorpios Defense Systems: Persuasive Power', 'skorpios_defense_systems__persuasive_power', 'td', 'corp', 1), ('13042', 'Armored Servers', 'armored_servers', 'td', 'corp', 3), ('13043', 'Illicit Sales', 'illicit_sales', 'td', 'corp', 3), ('13044', 'Graft', 'graft', 'td', 'corp', 3), ('13045', 'Illegal Arms Factory', 'illegal_arms_factory', 'td', 'corp', 3), ('13046', 'Mr. Stone', 'mr__stone', 'td', 'corp', 3), ('13047', 'Bloodletter', 'bloodletter', 'td', 'corp', 3), ('13048', 'Colossus', 'colossus', 'td', 'corp', 3), ('13049', 'Hailstorm', 'hailstorm', 'td', 'corp', 3), ('13050', 'Hortum', 'hortum', 'td', 'corp', 3), ('13051', 'Hunter Seeker', 'hunter_seeker', 'td', 'corp', 3), ('13052', 'K. P. Lynn', 'k__p__lynn', 'td', 'corp', 3), ('13053', 'Paper Trail', 'paper_trail', 'td', 'corp', 3), ('13054', 'Honeyfarm', 'honeyfarm', 'td', 'corp', 3), ('13055', 'Long-Term Investment', 'long_term_investment', 'td', 'corp', 3), ('13056', 'Weir', 'weir', 'td', 'corp', 3), ('13057', 'IPO', 'ipo', 'td', 'corp', 3), ('14000', 'Evidence Collection', 'evidence_collection', 'tdc', 'corp', 3), ('14001', 'Evidence Collection 2', 'evidence_collection_2', 'tdc', 'corp', 3), ('14002', 'Evidence Collection 3', 'evidence_collection_3', 'tdc', 'corp', 3), ('14003', 'Evidence Collection 4', 'evidence_collection_4', 'tdc', 'corp', 3), ('14004', 'Investigator Inez Delgado A', 'investigator_inez_delgado_a', 'tdc', 'corp', 3), ('14005', 'Investigator Inez Delgado A 2', 'investigator_inez_delgado_a_2', 'tdc', 'corp', 3), ('14006', 'Lt. Todachine', 'lt__todachine', 'tdc', 'corp', 3), ('14007', 'Lt. Todachine 2', 'lt__todachine_2', 'tdc', 'corp', 3), ('14008', 'Trojan', 'trojan', 'tdc', 'corp', 3), ('14009', 'Security Leak', 'security_leak', 'tdc', 'runner', 1), ('14010', 'Machicolation A', 'machicolation_a', 'tdc', 'corp', 3), ('14011', 'Machicolation B', 'machicolation_b', 'tdc', 'corp', 3), ('14012', 'Corporate Oversight A', 'corporate_oversight_a', 'tdc', 'corp', 3), ('14013', 'Corporate Oversight B', 'corporate_oversight_b', 'tdc', 'corp', 3), ('14014', 'Investigator Inez Delgado', 'investigator_inez_delgado', 'tdc', 'runner', 3), ('14015', 'Investigator Inez Delgado 2', 'investigator_inez_delgado_2', 'tdc', 'runner', 3), ('14016', 'Investigator Inez Delgado 3', 'investigator_inez_delgado_3', 'tdc', 'runner', 3), ('14017', 'Investigator Inez Delgado 4', 'investigator_inez_delgado_4', 'tdc', 'runner', 3), ('14018', 'Surveillance Network Key', 'surveillance_network_key', 'tdc', 'runner', 3), ('14019', 'Surveillance Network Key 2', 'surveillance_network_key_2', 'tdc', 'runner', 3), ('14020', 'BMI Buffer', 'bmi_buffer', 'tdc', 'runner', 3), ('14021', 'BMI Buffer 2', 'bmi_buffer_2', 'tdc', 'runner', 3), ('14022', 'Shadow Team', 'shadow_team', 'tdc', 'runner', 3), ('14023', 'Net Watchlist', 'net_watchlist', 'tdc', 'corp', 1), ('14024', 'The Masque A', 'the_masque_a', 'tdc', 'runner', 3), ('14025', 'The Masque B', 'the_masque_b', 'tdc', 'runner', 3), ('14026', 'Sneakdoor Prime A', 'sneakdoor_prime_a', 'tdc', 'runner', 3), ('14027', 'Sneakdoor Prime B', 'sneakdoor_prime_b', 'tdc', 'runner', 3), ('20001', 'Reina Roja: Freedom Fighter', 'reina_roja__freedom_fighter', 'core2', 'runner', 1), ('20002', 'Demolition Run', 'demolition_run', 'core2', 'runner', 2), ('20003', 'Retrieval Run', 'retrieval_run', 'core2', 'runner', 2), ('20004', 'Singularity', 'singularity', 'core2', 'runner', 1), ('20005', 'Stimhack', 'stimhack', 'core2', 'runner', 1), ('20006', 'Cyberfeeder', 'cyberfeeder', 'core2', 'runner', 2), ('20007', 'Spinal Modem', 'spinal_modem', 'core2', 'runner', 2), ('20008', 'Darwin', 'darwin', 'core2', 'runner', 2), ('20009', 'Datasucker', 'datasucker', 'core2', 'runner', 2), ('20010', 'Force of Nature', 'force_of_nature', 'core2', 'runner', 3), ('20011', 'Imp', 'imp', 'core2', 'runner', 1), ('20012', 'Hemorrhage', 'hemorrhage', 'core2', 'runner', 1), ('20013', 'Mimic', 'mimic', 'core2', 'runner', 3), ('20014', 'Morning Star', 'morning_star', 'core2', 'runner', 3), ('20015', 'Ice Carver', 'ice_carver', 'core2', 'runner', 1), ('20016', 'Liberated Account', 'liberated_account', 'core2', 'runner', 3), ('20017', 'Scrubber', 'scrubber', 'core2', 'runner', 2), ('20018', 'Xanadu', 'xanadu', 'core2', 'runner', 1), ('20019', 'Gabriel Santiago: Consummate Professional', 'gabriel_santiago__consummate_professional', 'core2', 'runner', 1), ('20020', 'Easy Mark', 'easy_mark', 'core2', 'runner', 3), ('20021', 'Emergency Shutdown', 'emergency_shutdown', 'core2', 'runner', 2), ('20022', 'Forged Activation Orders', 'forged_activation_orders', 'core2', 'runner', 2), ('20023', 'Inside Job', 'inside_job', 'core2', 'runner', 2), ('20024', 'Special Order', 'special_order', 'core2', 'runner', 1), ('20025', 'Doppelgänger', 'doppelgänger', 'core2', 'runner', 2), ('20026', 'HQ Interface', 'hq_interface', 'core2', 'runner', 1), ('20027', 'Aurora', 'aurora', 'core2', 'runner', 3), ('20028', 'Faerie', 'faerie', 'core2', 'runner', 3), ('20029', 'Femme Fatale', 'femme_fatale', 'core2', 'runner', 2), ('20030', 'Peacock', 'peacock', 'core2', 'runner', 3), ('20031', 'Pheromones', 'pheromones', 'core2', 'runner', 1), ('20032', 'Sneakdoor Beta', 'sneakdoor_beta', 'core2', 'runner', 1), ('20033', 'Bank Job', 'bank_job', 'core2', 'runner', 2), ('20034', 'Crash Space', 'crash_space', 'core2', 'runner', 2), ('20035', 'Fall Guy', 'fall_guy', 'core2', 'runner', 1), ('20036', 'Mr. Li', 'mr__li', 'core2', 'runner', 1), ('20037', 'Chaos Theory: Wünderkind', 'chaos_theory__wünderkind', 'core2', 'runner', 1), ('20038', 'Diesel', 'diesel', 'core2', 'runner', 2), ('20039', 'Indexing', 'indexing', 'core2', 'runner', 2), ('20040', 'Modded', 'modded', 'core2', 'runner', 3), ('20041', 'Notoriety', 'notoriety', 'core2', 'runner', 1), ('20042', 'Test Run', 'test_run', 'core2', 'runner', 2), ('20043', 'The Maker’s Eye', 'the_maker_s_eye', 'core2', 'runner', 1), ('20044', 'Tinkering', 'tinkering', 'core2', 'runner', 2), ('20045', 'Dinosaurus', 'dinosaurus', 'core2', 'runner', 2), ('20046', 'Rabbit Hole', 'rabbit_hole', 'core2', 'runner', 2), ('20047', 'The Personal Touch', 'the_personal_touch', 'core2', 'runner', 1), ('20048', 'Battering Ram', 'battering_ram', 'core2', 'runner', 3), ('20049', 'Gordian Blade', 'gordian_blade', 'core2', 'runner', 3), ('20050', 'Magnum Opus', 'magnum_opus', 'core2', 'runner', 2), ('20051', 'Pipeline', 'pipeline', 'core2', 'runner', 3), ('20052', 'Aesop’s Pawnshop', 'aesop_s_pawnshop', 'core2', 'runner', 1), ('20053', 'All-nighter', 'all_nighter', 'core2', 'runner', 1), ('20054', 'Sacrificial Construct', 'sacrificial_construct', 'core2', 'runner', 1), ('20055', 'Infiltration', 'infiltration', 'core2', 'runner', 2), ('20056', 'Sure Gamble', 'sure_gamble', 'core2', 'runner', 3), ('20057', 'Dyson Mem Chip', 'dyson_mem_chip', 'core2', 'runner', 3), ('20058', 'Crypsis', 'crypsis', 'core2', 'runner', 2), ('20059', 'Armitage Codebusting', 'armitage_codebusting', 'core2', 'runner', 3), ('20060', 'Underworld Contact', 'underworld_contact', 'core2', 'runner', 2), ('20061', 'Haas-Bioroid: Stronger Together', 'haas_bioroid__stronger_together', 'core2', 'corp', 1), ('20062', 'Project Ares', 'project_ares', 'core2', 'corp', 2), ('20063', 'Project Vitruvius', 'project_vitruvius', 'core2', 'corp', 3), ('20064', 'Adonis Campaign', 'adonis_campaign', 'core2', 'corp', 3), ('20065', 'Aggressive Secretary', 'aggressive_secretary', 'core2', 'corp', 1), ('20066', 'Heimdall 1.0', 'heimdall_1_0', 'core2', 'corp', 1), ('20067', 'Hudson 1.0', 'hudson_1_0', 'core2', 'corp', 1), ('20068', 'Ichi 1.0', 'ichi_1_0', 'core2', 'corp', 2), ('20069', 'Rototurret', 'rototurret', 'core2', 'corp', 2), ('20070', 'Viktor 1.0', 'viktor_1_0', 'core2', 'corp', 3), ('20071', 'Archived Memories', 'archived_memories', 'core2', 'corp', 1), ('20072', 'Biotic Labor', 'biotic_labor', 'core2', 'corp', 2), ('20073', 'Green Level Clearance', 'green_level_clearance', 'core2', 'corp', 3), ('20074', 'Shipment from MirrorMorph', 'shipment_from_mirrormorph', 'core2', 'corp', 1), ('20075', 'Ash 2X3ZB9CY', 'ash_2x3zb9cy', 'core2', 'corp', 1), ('20076', 'Strongbox', 'strongbox', 'core2', 'corp', 1), ('20077', 'Weyland Consortium: Building a Better World', 'weyland_consortium__building_a_better_world', 'core2', 'corp', 1), ('20078', 'Hostile Takeover', 'hostile_takeover', 'core2', 'corp', 1), ('20079', 'Project Atlas', 'project_atlas', 'core2', 'corp', 3), ('20080', 'The Cleaners', 'the_cleaners', 'core2', 'corp', 1), ('20081', 'Dedicated Response Team', 'dedicated_response_team', 'core2', 'corp', 1), ('20082', 'Elizabeth Mills', 'elizabeth_mills', 'core2', 'corp', 1), ('20083', 'GRNDL Refinery', 'grndl_refinery', 'core2', 'corp', 3), ('20084', 'Archer', 'archer', 'core2', 'corp', 1), ('20085', 'Caduceus', 'caduceus', 'core2', 'corp', 2), ('20086', 'Hadrian''s Wall', 'hadrian_s_wall', 'core2', 'corp', 1), ('20087', 'Hive', 'hive', 'core2', 'corp', 2), ('20088', 'Ice Wall', 'ice_wall', 'core2', 'corp', 2), ('20089', 'Shadow', 'shadow', 'core2', 'corp', 2), ('20090', 'Beanstalk Royalties', 'beanstalk_royalties', 'core2', 'corp', 3), ('20091', 'Punitive Counterstrike', 'punitive_counterstrike', 'core2', 'corp', 2), ('20092', 'Shipment from Kaguya', 'shipment_from_kaguya', 'core2', 'corp', 2), ('20093', 'Jinteki: Personal Evolution', 'jinteki__personal_evolution', 'core2', 'corp', 1), ('20094', 'Braintrust', 'braintrust', 'core2', 'corp', 3), ('20095', 'Nisei MK II', 'nisei_mk_ii', 'core2', 'corp', 2), ('20096', 'Project Junebug', 'project_junebug', 'core2', 'corp', 2), ('20097', 'Ronin', 'ronin', 'core2', 'corp', 1), ('20098', 'Snare!', 'snare_', 'core2', 'corp', 2), ('20099', 'Himitsu-Bako', 'himitsu_bako', 'core2', 'corp', 3), ('20100', 'Neural Katana', 'neural_katana', 'core2', 'corp', 1), ('20101', 'Swordsman', 'swordsman', 'core2', 'corp', 2), ('20102', 'Wall of Thorns', 'wall_of_thorns', 'core2', 'corp', 1), ('20103', 'Whirlpool', 'whirlpool', 'core2', 'corp', 1), ('20104', 'Yagura', 'yagura', 'core2', 'corp', 1), ('20105', 'Celebrity Gift', 'celebrity_gift', 'core2', 'corp', 3), ('20106', 'Neural EMP', 'neural_emp', 'core2', 'corp', 2), ('20107', 'Trick of Light', 'trick_of_light', 'core2', 'corp', 2), ('20108', 'Hokusai Grid', 'hokusai_grid', 'core2', 'corp', 1), ('20109', 'NBN: Making News', 'nbn__making_news', 'core2', 'corp', 1), ('20110', 'Project Beale', 'project_beale', 'core2', 'corp', 3), ('20111', 'TGTBT', 'tgtbt', 'core2', 'corp', 3), ('20112', 'Ghost Branch', 'ghost_branch', 'core2', 'corp', 1), ('20113', 'Data Raven', 'data_raven', 'core2', 'corp', 2), ('20114', 'Flare', 'flare', 'core2', 'corp', 1), ('20115', 'Pop-up Window', 'pop_up_window', 'core2', 'corp', 3), ('20116', 'Tollbooth', 'tollbooth', 'core2', 'corp', 2), ('20117', 'Wraparound', 'wraparound', 'core2', 'corp', 2), ('20118', 'Anonymous Tip', 'anonymous_tip', 'core2', 'corp', 1), ('20119', 'Closed Accounts', 'closed_accounts', 'core2', 'corp', 2), ('20120', 'Psychographics', 'psychographics', 'core2', 'corp', 3), ('20121', 'SEA Source', 'sea_source', 'core2', 'corp', 2), ('20122', 'Red Herrings', 'red_herrings', 'core2', 'corp', 1), ('20123', 'Bernice Mai', 'bernice_mai', 'core2', 'corp', 1), ('20124', 'False Lead', 'false_lead', 'core2', 'corp', 1), ('20125', 'Priority Requisition', 'priority_requisition', 'core2', 'corp', 2), ('20126', 'Private Security Force', 'private_security_force', 'core2', 'corp', 2), ('20127', 'Melange Mining Corp.', 'melange_mining_corp_', 'core2', 'corp', 2), ('20128', 'PAD Campaign', 'pad_campaign', 'core2', 'corp', 3), ('20129', 'Enigma', 'enigma', 'core2', 'corp', 3), ('20130', 'Hunter', 'hunter', 'core2', 'corp', 2), ('20131', 'Wall of Static', 'wall_of_static', 'core2', 'corp', 3), ('20132', 'Hedge Fund', 'hedge_fund', 'core2', 'corp', 3), ('21001', 'By Any Means', 'by_any_means', 'ss', 'runner', 3), ('21002', 'Yusuf', 'yusuf', 'ss', 'runner', 3), ('21003', 'Zamba', 'zamba', 'ss', 'runner', 3), ('21004', 'Puffer', 'puffer', 'ss', 'runner', 3), ('21005', 'Lewi Guilherme', 'lewi_guilherme', 'ss', 'runner', 3), ('21006', 'Cyberdelia', 'cyberdelia', 'ss', 'runner', 3), ('21007', 'Upya', 'upya', 'ss', 'runner', 3), ('21008', 'Assimilator', 'assimilator', 'ss', 'runner', 3), ('21009', 'Asa Group: Security Through Vigilance', 'asa_group__security_through_vigilance', 'ss', 'corp', 3), ('21010', 'Ikawah Project', 'ikawah_project', 'ss', 'corp', 3), ('21011', 'Najja 1.0', 'najja_1_0', 'ss', 'corp', 3), ('21012', 'Gene Splicer', 'gene_splicer', 'ss', 'corp', 3), ('21013', 'Mganga', 'mganga', 'ss', 'corp', 3), ('21014', 'Genotyping', 'genotyping', 'ss', 'corp', 3), ('21015', 'Echo Chamber', 'echo_chamber', 'ss', 'corp', 3), ('21016', 'Self-Growth Program', 'self_growth_program', 'ss', 'corp', 3), ('21017', 'Calibration Testing', 'calibration_testing', 'ss', 'corp', 3), ('21018', 'Urban Renewal', 'urban_renewal', 'ss', 'corp', 3), ('21019', 'Wake Up Call', 'wake_up_call', 'ss', 'corp', 3), ('21020', 'Reconstruction Contract', 'reconstruction_contract', 'ss', 'corp', 3), ('21021', 'Acacia', 'acacia', 'dtwn', 'runner', 3), ('21022', 'Plague', 'plague', 'dtwn', 'runner', 3), ('21023', 'Credit Kiting', 'credit_kiting', 'dtwn', 'runner', 3), ('21024', 'Wari', 'wari', 'dtwn', 'runner', 3), ('21025', 'Kabonesa Wu: Netspace Thrillseeker', 'kabonesa_wu__netspace_thrillseeker', 'dtwn', 'runner', 3), ('21026', 'Takobi', 'takobi', 'dtwn', 'runner', 3), ('21027', 'Kongamato', 'kongamato', 'dtwn', 'runner', 3), ('21028', 'Emergent Creativity', 'emergent_creativity', 'dtwn', 'runner', 3), ('21029', 'RNG Key', 'rng_key', 'dtwn', 'runner', 3), ('21030', 'Nightdancer', 'nightdancer', 'dtwn', 'corp', 3), ('21031', 'Jinja City Grid', 'jinja_city_grid', 'dtwn', 'corp', 3), ('21032', 'Aimor', 'aimor', 'dtwn', 'corp', 3), ('21033', 'Bacterial Programming', 'bacterial_programming', 'dtwn', 'corp', 3), ('21034', 'Jua', 'jua', 'dtwn', 'corp', 3), ('21035', 'Threat Assessment', 'threat_assessment', 'dtwn', 'corp', 3), ('21036', 'Economic Warfare', 'economic_warfare', 'dtwn', 'corp', 3), ('21037', 'Forced Connection', 'forced_connection', 'dtwn', 'corp', 3), ('21038', 'SSL Endorsement', 'ssl_endorsement', 'dtwn', 'corp', 3), ('21039', 'NGO Front', 'ngo_front', 'dtwn', 'corp', 3), ('21040', 'Distract the Masses', 'distract_the_masses', 'dtwn', 'corp', 3), ('21041', 'eXer', 'exer', 'cotc', 'runner', 3), ('21042', 'Friday Chip', 'friday_chip', 'cotc', 'runner', 3), ('21043', 'Crypt', 'crypt', 'cotc', 'runner', 3), ('21044', 'Corporate "Grant"', 'corporate__grant_', 'cotc', 'runner', 3), ('21045', 'No One Home', 'no_one_home', 'cotc', 'runner', 3), ('21046', 'Marathon', 'marathon', 'cotc', 'runner', 3), ('21047', 'Gbahali', 'gbahali', 'cotc', 'runner', 3), ('21048', 'White Hat', 'white_hat', 'cotc', 'runner', 3), ('21049', 'Kuwinda K4H1U3', 'kuwinda_k4h1u3', 'cotc', 'corp', 3), ('21050', 'NEXT Sapphire', 'next_sapphire', 'cotc', 'corp', 3), ('21051', 'Anansi', 'anansi', 'cotc', 'corp', 3), ('21052', 'Code Replicator', 'code_replicator', 'cotc', 'corp', 3), ('21053', 'Reverse Infection', 'reverse_infection', 'cotc', 'corp', 3), ('21054', 'Azmari EdTech: Shaping the Future', 'azmari_edtech__shaping_the_future', 'cotc', 'corp', 3), ('21055', 'Degree Mill', 'degree_mill', 'cotc', 'corp', 3), ('21056', 'Personalized Portal', 'personalized_portal', 'cotc', 'corp', 3), ('21057', 'Armed Intimidation', 'armed_intimidation', 'cotc', 'corp', 3), ('21058', 'Death and Taxes', 'death_and_taxes', 'cotc', 'corp', 3), ('21059', 'Trojan Horse', 'trojan_horse', 'cotc', 'corp', 3), ('21060', 'TechnoCo', 'technoco', 'cotc', 'corp', 3), ('21061', 'Glut Cipher', 'glut_cipher', 'tdatd', 'runner', 3), ('21062', 'Knobkierie', 'knobkierie', 'tdatd', 'runner', 3), ('21063', '419: Amoral Scammer', '419__amoral_scammer', 'tdatd', 'runner', 3), ('21064', 'Falsified Credentials', 'falsified_credentials', 'tdatd', 'runner', 3), ('21065', 'Rogue Trading', 'rogue_trading', 'tdatd', 'runner', 3), ('21066', 'Because I Can', 'because_i_can', 'tdatd', 'runner', 3), ('21067', 'Nyashia', 'nyashia', 'tdatd', 'runner', 3), ('21068', 'Consume', 'consume', 'tdatd', 'runner', 3), ('21069', 'Malia Z0L0K4', 'malia_z0l0k4', 'tdatd', 'corp', 3), ('21070', 'Kill Switch', 'kill_switch', 'tdatd', 'corp', 3), ('21071', 'Tempus', 'tempus', 'tdatd', 'corp', 3), ('21072', 'Bio Vault', 'bio_vault', 'tdatd', 'corp', 3), ('21073', 'Sadaka', 'sadaka', 'tdatd', 'corp', 3), ('21074', 'Endless EULA', 'endless_eula', 'tdatd', 'corp', 3), ('21075', 'Sandman', 'sandman', 'tdatd', 'corp', 3), ('21076', 'Amani Senai', 'amani_senai', 'tdatd', 'corp', 3), ('21077', 'SSO Industries: Fueling Innovation', 'sso_industries__fueling_innovation', 'tdatd', 'corp', 3), ('21078', 'City Works Project', 'city_works_project', 'tdatd', 'corp', 3), ('21079', 'Oduduwa', 'oduduwa', 'tdatd', 'corp', 3), ('21080', 'Rashida Jaheem', 'rashida_jaheem', 'tdatd', 'corp', 3), ('21081', 'Freedom Khumalo: Crypto-Anarchist', 'freedom_khumalo__crypto_anarchist', 'win', 'runner', 3), ('21082', 'Trypano', 'trypano', 'win', 'runner', 3), ('21083', 'Contaminate', 'contaminate', 'win', 'runner', 3), ('21084', 'Embezzle', 'embezzle', 'win', 'runner', 3), ('21085', 'Slipstream', 'slipstream', 'win', 'runner', 3), ('21086', 'Laamb', 'laamb', 'win', 'runner', 3), ('21087', 'Gebrselassie', 'gebrselassie', 'win', 'runner', 3), ('21088', 'Compile', 'compile', 'win', 'runner', 3), ('21089', 'Logic Bomb', 'logic_bomb', 'win', 'runner', 3), ('21090', 'Jackpot!', 'jackpot_', 'win', 'runner', 3), ('21091', 'Remote Enforcement', 'remote_enforcement', 'win', 'corp', 3), ('21092', 'Kamali 1.0', 'kamali_1_0', 'win', 'corp', 3), ('21093', 'Warden Fatuma', 'warden_fatuma', 'win', 'corp', 3), ('21094', 'Viral Weaponization', 'viral_weaponization', 'win', 'corp', 3), ('21095', 'Envelope', 'envelope', 'win', 'corp', 3), ('21096', 'Mwanza City Grid', 'mwanza_city_grid', 'win', 'corp', 3), ('21097', 'Standard Procedure', 'standard_procedure', 'win', 'corp', 3), ('21098', 'Intake', 'intake', 'win', 'corp', 3), ('21099', 'Masvingo', 'masvingo', 'win', 'corp', 3), ('21100', 'Overseer Matrix', 'overseer_matrix', 'win', 'corp', 3), ('21101', 'Zer0', 'zer0', 'ka', 'runner', 3), ('21102', 'Musaazi', 'musaazi', 'ka', 'runner', 3), ('21103', 'Hippo', 'hippo', 'ka', 'runner', 3), ('21104', 'Amina', 'amina', 'ka', 'runner', 3), ('21105', 'Diversion of Funds', 'diversion_of_funds', 'ka', 'runner', 3), ('21106', 'PAD Tap', 'pad_tap', 'ka', 'runner', 3), ('21107', 'Reclaim', 'reclaim', 'ka', 'runner', 3);
INSERT INTO cards (code, title, title_normalized, pack_code, side, quantity) VALUES ('21108', 'Engolo', 'engolo', 'ka', 'runner', 3), ('21109', 'Flame-out', 'flame_out', 'ka', 'runner', 3), ('21110', 'Black Hat', 'black_hat', 'ka', 'runner', 3), ('21111', 'Kasi String', 'kasi_string', 'ka', 'runner', 3), ('21112', 'NEXT Diamond', 'next_diamond', 'ka', 'corp', 3), ('21113', 'Riot Suppression', 'riot_suppression', 'ka', 'corp', 3), ('21114', 'Mti Mwekundu: Life Improved', 'mti_mwekundu__life_improved', 'ka', 'corp', 3), ('21115', 'Mlinzi', 'mlinzi', 'ka', 'corp', 3), ('21116', 'Better Citizen Program', 'better_citizen_program', 'ka', 'corp', 3), ('21117', 'Market Forces', 'market_forces', 'ka', 'corp', 3), ('21118', 'Surveyor', 'surveyor', 'ka', 'corp', 3), ('21119', 'High-Profile Target', 'high_profile_target', 'ka', 'corp', 3), ('21120', 'False Flag', 'false_flag', 'ka', 'corp', 3), ('22001', 'Nathaniel "Gnat" Hall: One-of-a-Kind', 'nathaniel__gnat__hall__one_of_a_kind', 'rar', 'runner', 1), ('22002', 'Divide and Conquer', 'divide_and_conquer', 'rar', 'runner', 3), ('22003', 'Guinea Pig', 'guinea_pig', 'rar', 'runner', 3), ('22004', 'Patchwork', 'patchwork', 'rar', 'runner', 3), ('22005', 'Hijacked Router', 'hijacked_router', 'rar', 'runner', 3), ('22006', 'Cradle', 'cradle', 'rar', 'runner', 3), ('22007', 'District 99', 'district_99', 'rar', 'runner', 3), ('22008', 'Liza Talking Thunder: Prominent Legislator', 'liza_talking_thunder__prominent_legislator', 'rar', 'runner', 1), ('22009', 'Hot Pursuit', 'hot_pursuit', 'rar', 'runner', 3), ('22010', 'Paragon', 'paragon', 'rar', 'runner', 3), ('22011', 'Bankroll', 'bankroll', 'rar', 'runner', 3), ('22012', 'Tycoon', 'tycoon', 'rar', 'runner', 3), ('22013', 'Thunder Art Gallery', 'thunder_art_gallery', 'rar', 'runner', 3), ('22014', 'Miss Bones', 'miss_bones', 'rar', 'runner', 3), ('22015', 'Akiko Nisei: Head Case', 'akiko_nisei__head_case', 'rar', 'runner', 1), ('22016', 'Insight', 'insight', 'rar', 'runner', 3), ('22017', 'Mind''s Eye', 'mind_s_eye', 'rar', 'runner', 3), ('22018', 'Mâché', 'mâché', 'rar', 'runner', 3), ('22019', 'Ika', 'ika', 'rar', 'runner', 3), ('22020', 'Kyuban', 'kyuban', 'rar', 'runner', 3), ('22021', 'Psych Mike', 'psych_mike', 'rar', 'runner', 3), ('22022', 'Algernon', 'algernon', 'rar', 'runner', 3), ('22023', 'Reboot', 'reboot', 'rar', 'runner', 3), ('22024', 'Office Supplies', 'office_supplies', 'rar', 'runner', 3), ('22025', 'DJ Fenris', 'dj_fenris', 'rar', 'runner', 1), ('22026', 'Sportsmetal: Go Big or Go Home', 'sportsmetal__go_big_or_go_home', 'rar', 'corp', 1), ('22027', 'Hyperloop Extension', 'hyperloop_extension', 'rar', 'corp', 3), ('22028', 'Meridian', 'meridian', 'rar', 'corp', 3), ('22029', 'Gatekeeper', 'gatekeeper', 'rar', 'corp', 3), ('22030', 'Divert Power', 'divert_power', 'rar', 'corp', 3), ('22031', 'Fast Break', 'fast_break', 'rar', 'corp', 3), ('22032', 'Game Changer', 'game_changer', 'rar', 'corp', 3), ('22033', 'Giordano Memorial Field', 'giordano_memorial_field', 'rar', 'corp', 3), ('22034', 'Saraswati Mnemonics: Endless Exploration', 'saraswati_mnemonics__endless_exploration', 'rar', 'corp', 1), ('22035', 'Jumon', 'jumon', 'rar', 'corp', 3), ('22036', 'API-S Keeper Isobel', 'api_s_keeper_isobel', 'rar', 'corp', 3), ('22037', 'Neurostasis', 'neurostasis', 'rar', 'corp', 3), ('22038', 'Otoroshi', 'otoroshi', 'rar', 'corp', 3), ('22039', 'Thimblerig', 'thimblerig', 'rar', 'corp', 3), ('22040', 'Hangeki', 'hangeki', 'rar', 'corp', 3), ('22041', 'Daruma', 'daruma', 'rar', 'corp', 3), ('22042', 'Acme Consulting: The Truth You Need', 'acme_consulting__the_truth_you_need', 'rar', 'corp', 1), ('22043', 'Fly on the Wall', 'fly_on_the_wall', 'rar', 'corp', 3), ('22044', 'SIU', 'siu', 'rar', 'corp', 3), ('22045', 'Peeping Tom', 'peeping_tom', 'rar', 'corp', 3), ('22046', 'Hydra', 'hydra', 'rar', 'corp', 3), ('22047', 'Eavesdrop', 'eavesdrop', 'rar', 'corp', 3), ('22048', 'Attitude Adjustment', 'attitude_adjustment', 'rar', 'corp', 3), ('22049', 'Arella Salvatore', 'arella_salvatore', 'rar', 'corp', 3), ('22050', 'The Outfit: Family Owned and Operated', 'the_outfit__family_owned_and_operated', 'rar', 'corp', 1), ('22051', 'Broad Daylight', 'broad_daylight', 'rar', 'corp', 3), ('22052', 'Drudge Work', 'drudge_work', 'rar', 'corp', 3), ('22053', 'Blockchain', 'blockchain', 'rar', 'corp', 3), ('22054', 'Formicary', 'formicary', 'rar', 'corp', 3), ('22055', 'Building Blocks', 'building_blocks', 'rar', 'corp', 3), ('22056', 'Too Big to Fail', 'too_big_to_fail', 'rar', 'corp', 3), ('22057', 'Under the Bus', 'under_the_bus', 'rar', 'corp', 3), ('22058', 'Lady Liberty', 'lady_liberty', 'rar', 'corp', 1), ('23001', 'Labor Rights', 'labor_rights', 'mo', 'runner', 3), ('23011', 'Embolus', 'embolus', 'mo', 'corp', 3), ('23013', 'Crowdfunding', 'crowdfunding', 'mo', 'runner', 3), ('23027', 'Timely Public Release', 'timely_public_release', 'mo', 'corp', 3), ('23045', 'Slot Machine', 'slot_machine', 'mo', 'corp', 3), ('23054', 'Border Control', 'border_control', 'mo', 'corp', 3), ('23100', 'Watch the World Burn', 'watch_the_world_burn', 'mo', 'runner', 1), ('23101', 'Hired Help', 'hired_help', 'mo', 'corp', 1), ('24001', 'Cyber Bureau: Keeping the Peace', 'cyber_bureau__keeping_the_peace', 'napd', 'corp', 1), ('25001', 'Reina Roja: Freedom Fighter', 'reina_roja__freedom_fighter', 'sc19', 'runner', 1), ('25002', 'Quetzal: Free Spirit', 'quetzal__free_spirit', 'sc19', 'runner', 1), ('25003', 'Queen''s Gambit', 'queen_s_gambit', 'sc19', 'runner', 1), ('25004', 'Quest Completed', 'quest_completed', 'sc19', 'runner', 1), ('25005', 'Retrieval Run', 'retrieval_run', 'sc19', 'runner', 2), ('25006', 'Run Amok', 'run_amok', 'sc19', 'runner', 1), ('25007', 'Stimhack', 'stimhack', 'sc19', 'runner', 1), ('25008', 'Cyberfeeder', 'cyberfeeder', 'sc19', 'runner', 2), ('25009', 'Patchwork', 'patchwork', 'sc19', 'runner', 2), ('25010', 'Corroder', 'corroder', 'sc19', 'runner', 3), ('25011', 'Datasucker', 'datasucker', 'sc19', 'runner', 2), ('25012', 'Force of Nature', 'force_of_nature', 'sc19', 'runner', 2), ('25013', 'Imp', 'imp', 'sc19', 'runner', 2), ('25014', 'Lamprey', 'lamprey', 'sc19', 'runner', 2), ('25015', 'Mimic', 'mimic', 'sc19', 'runner', 3), ('25016', 'Ice Carver', 'ice_carver', 'sc19', 'runner', 1), ('25017', 'Liberated Account', 'liberated_account', 'sc19', 'runner', 2), ('25018', 'Scrubber', 'scrubber', 'sc19', 'runner', 2), ('25019', 'Xanadu', 'xanadu', 'sc19', 'runner', 1), ('25020', 'Gabriel Santiago: Consummate Professional', 'gabriel_santiago__consummate_professional', 'sc19', 'runner', 1), ('25021', 'Leela Patel: Trained Pragmatist', 'leela_patel__trained_pragmatist', 'sc19', 'runner', 1), ('25022', 'Career Fair', 'career_fair', 'sc19', 'runner', 1), ('25023', 'Easy Mark', 'easy_mark', 'sc19', 'runner', 2), ('25024', 'Emergency Shutdown', 'emergency_shutdown', 'sc19', 'runner', 1), ('25025', 'Hostage', 'hostage', 'sc19', 'runner', 1), ('25026', 'Inside Job', 'inside_job', 'sc19', 'runner', 2), ('25027', 'Legwork', 'legwork', 'sc19', 'runner', 2), ('25028', 'Networking', 'networking', 'sc19', 'runner', 1), ('25029', 'Spear Phishing', 'spear_phishing', 'sc19', 'runner', 1), ('25030', 'Special Order', 'special_order', 'sc19', 'runner', 2), ('25031', 'HQ Interface', 'hq_interface', 'sc19', 'runner', 1), ('25032', 'Paragon', 'paragon', 'sc19', 'runner', 2), ('25033', 'Abagnale', 'abagnale', 'sc19', 'runner', 3), ('25034', 'Demara', 'demara', 'sc19', 'runner', 2), ('25035', 'Faerie', 'faerie', 'sc19', 'runner', 2), ('25036', 'Femme Fatale', 'femme_fatale', 'sc19', 'runner', 2), ('25037', 'Sneakdoor Beta', 'sneakdoor_beta', 'sc19', 'runner', 2), ('25038', 'Bank Job', 'bank_job', 'sc19', 'runner', 2), ('25039', 'Data Dealer', 'data_dealer', 'sc19', 'runner', 1), ('25040', 'Chaos Theory: Wünderkind', 'chaos_theory__wünderkind', 'sc19', 'runner', 1), ('25041', 'Rielle “Kit” Peddler: Transhuman', 'rielle__kit__peddler__transhuman', 'sc19', 'runner', 1), ('25042', 'Diesel', 'diesel', 'sc19', 'runner', 2), ('25043', 'Modded', 'modded', 'sc19', 'runner', 2), ('25044', 'Notoriety', 'notoriety', 'sc19', 'runner', 1), ('25045', 'Test Run', 'test_run', 'sc19', 'runner', 1), ('25046', 'The Maker’s Eye', 'the_maker_s_eye', 'sc19', 'runner', 2), ('25047', 'Tinkering', 'tinkering', 'sc19', 'runner', 2), ('25048', 'Akamatsu Mem Chip', 'akamatsu_mem_chip', 'sc19', 'runner', 1), ('25049', 'Dinosaurus', 'dinosaurus', 'sc19', 'runner', 2), ('25050', 'R&D Interface', 'r_d_interface', 'sc19', 'runner', 1), ('25051', 'Atman', 'atman', 'sc19', 'runner', 1), ('25052', 'Battering Ram', 'battering_ram', 'sc19', 'runner', 3), ('25053', 'Deus X', 'deus_x', 'sc19', 'runner', 1), ('25054', 'Gordian Blade', 'gordian_blade', 'sc19', 'runner', 3), ('25055', 'Pipeline', 'pipeline', 'sc19', 'runner', 2), ('25056', 'Aesop’s Pawnshop', 'aesop_s_pawnshop', 'sc19', 'runner', 2), ('25057', 'Ice Analyzer', 'ice_analyzer', 'sc19', 'runner', 2), ('25058', 'Professional Contacts', 'professional_contacts', 'sc19', 'runner', 2), ('25059', 'Sure Gamble', 'sure_gamble', 'sc19', 'runner', 3), ('25060', 'Dirty Laundry', 'dirty_laundry', 'sc19', 'runner', 2), ('25061', 'Crypsis', 'crypsis', 'sc19', 'runner', 2), ('25062', 'Armitage Codebusting', 'armitage_codebusting', 'sc19', 'runner', 2), ('25063', 'Earthrise Hotel', 'earthrise_hotel', 'sc19', 'runner', 2), ('25064', 'John Masanori', 'john_masanori', 'sc19', 'runner', 2), ('25065', 'Kati Jones', 'kati_jones', 'sc19', 'runner', 2), ('25066', 'Haas-Bioroid: Stronger Together', 'haas_bioroid__stronger_together', 'sc19', 'corp', 1), ('25067', 'Seidr Laboratories: Destiny Defined', 'seidr_laboratories__destiny_defined', 'sc19', 'corp', 1), ('25068', 'Project Vitruvius', 'project_vitruvius', 'sc19', 'corp', 3), ('25069', 'Successful Field Test', 'successful_field_test', 'sc19', 'corp', 2), ('25070', 'Adonis Campaign', 'adonis_campaign', 'sc19', 'corp', 3), ('25071', 'Aggressive Secretary', 'aggressive_secretary', 'sc19', 'corp', 1), ('25072', 'Marilyn Campaign', 'marilyn_campaign', 'sc19', 'corp', 2), ('25073', 'Eli 1.0', 'eli_1_0', 'sc19', 'corp', 2), ('25074', 'Heimdall 1.0', 'heimdall_1_0', 'sc19', 'corp', 1), ('25075', 'Ichi 1.0', 'ichi_1_0', 'sc19', 'corp', 2), ('25076', 'Rototurret', 'rototurret', 'sc19', 'corp', 2), ('25077', 'Turing', 'turing', 'sc19', 'corp', 1), ('25078', 'Viktor 1.0', 'viktor_1_0', 'sc19', 'corp', 2), ('25079', 'Archived Memories', 'archived_memories', 'sc19', 'corp', 1), ('25080', 'Biotic Labor', 'biotic_labor', 'sc19', 'corp', 2), ('25081', 'Blue Level Clearance', 'blue_level_clearance', 'sc19', 'corp', 2), ('25082', 'Ash 2X3ZB9CY', 'ash_2x3zb9cy', 'sc19', 'corp', 2), ('25083', 'Mason Bellamy', 'mason_bellamy', 'sc19', 'corp', 1), ('25084', 'Jinteki: Personal Evolution', 'jinteki__personal_evolution', 'sc19', 'corp', 1), ('25085', 'Jinteki: Replicating Perfection', 'jinteki__replicating_perfection', 'sc19', 'corp', 1), ('25086', 'Fetal AI', 'fetal_ai', 'sc19', 'corp', 2), ('25087', 'Nisei MK II', 'nisei_mk_ii', 'sc19', 'corp', 2), ('25088', 'Philotic Entanglement', 'philotic_entanglement', 'sc19', 'corp', 1), ('25089', 'Project Junebug', 'project_junebug', 'sc19', 'corp', 2), ('25090', 'Ronin', 'ronin', 'sc19', 'corp', 2), ('25091', 'Snare!', 'snare_', 'sc19', 'corp', 2), ('25092', 'Sundew', 'sundew', 'sc19', 'corp', 1), ('25093', 'Himitsu-Bako', 'himitsu_bako', 'sc19', 'corp', 1), ('25094', 'Lotus Field', 'lotus_field', 'sc19', 'corp', 1), ('25095', 'Neural Katana', 'neural_katana', 'sc19', 'corp', 2), ('25096', 'Swordsman', 'swordsman', 'sc19', 'corp', 1), ('25097', 'Tsurugi', 'tsurugi', 'sc19', 'corp', 2), ('25098', 'Wall of Thorns', 'wall_of_thorns', 'sc19', 'corp', 1), ('25099', 'Yagura', 'yagura', 'sc19', 'corp', 2), ('25100', 'Celebrity Gift', 'celebrity_gift', 'sc19', 'corp', 2), ('25101', 'Neural EMP', 'neural_emp', 'sc19', 'corp', 2), ('25102', 'Trick of Light', 'trick_of_light', 'sc19', 'corp', 1), ('25103', 'Hokusai Grid', 'hokusai_grid', 'sc19', 'corp', 2), ('25104', 'NBN: Making News', 'nbn__making_news', 'sc19', 'corp', 1), ('25105', 'Spark Agency: Worldswide Reach', 'spark_agency__worldswide_reach', 'sc19', 'corp', 1), ('25106', 'Explode-a-palooza', 'explode_a_palooza', 'sc19', 'corp', 2), ('25107', 'Project Beale', 'project_beale', 'sc19', 'corp', 3), ('25108', 'Daily Business Show', 'daily_business_show', 'sc19', 'corp', 2), ('25109', 'Ghost Branch', 'ghost_branch', 'sc19', 'corp', 1), ('25110', 'Marked Accounts', 'marked_accounts', 'sc19', 'corp', 2), ('25111', 'Reversed Accounts', 'reversed_accounts', 'sc19', 'corp', 1), ('25112', 'Data Raven', 'data_raven', 'sc19', 'corp', 2), ('25113', 'Flare', 'flare', 'sc19', 'corp', 1), ('25114', 'Pop-up Window', 'pop_up_window', 'sc19', 'corp', 3), ('25115', 'Tollbooth', 'tollbooth', 'sc19', 'corp', 2), ('25116', 'Wraparound', 'wraparound', 'sc19', 'corp', 1), ('25117', 'Closed Accounts', 'closed_accounts', 'sc19', 'corp', 2), ('25118', 'Psychographics', 'psychographics', 'sc19', 'corp', 1), ('25119', 'SEA Source', 'sea_source', 'sc19', 'corp', 2), ('25120', 'Product Placement', 'product_placement', 'sc19', 'corp', 2), ('25121', 'Red Herrings', 'red_herrings', 'sc19', 'corp', 2), ('25122', 'Weyland Consortium: Building a Better World', 'weyland_consortium__building_a_better_world', 'sc19', 'corp', 1), ('25123', 'Blue Sun: Powering the Future', 'blue_sun__powering_the_future', 'sc19', 'corp', 1), ('25124', 'Hostile Takeover', 'hostile_takeover', 'sc19', 'corp', 2), ('25125', 'Oaktown Renovation', 'oaktown_renovation', 'sc19', 'corp', 1), ('25126', 'Project Atlas', 'project_atlas', 'sc19', 'corp', 3), ('25127', 'Contract Killer', 'contract_killer', 'sc19', 'corp', 2), ('25128', 'Elizabeth Mills', 'elizabeth_mills', 'sc19', 'corp', 1), ('25129', 'Public Support', 'public_support', 'sc19', 'corp', 2), ('25130', 'Archer', 'archer', 'sc19', 'corp', 2), ('25131', 'Caduceus', 'caduceus', 'sc19', 'corp', 2), ('25132', 'Hadrian''s Wall', 'hadrian_s_wall', 'sc19', 'corp', 1), ('25133', 'Hortum', 'hortum', 'sc19', 'corp', 1), ('25134', 'Ice Wall', 'ice_wall', 'sc19', 'corp', 2), ('25135', 'Spiderweb', 'spiderweb', 'sc19', 'corp', 2), ('25136', 'Beanstalk Royalties', 'beanstalk_royalties', 'sc19', 'corp', 3), ('25137', 'Oversight AI', 'oversight_ai', 'sc19', 'corp', 2), ('25138', 'Punitive Counterstrike', 'punitive_counterstrike', 'sc19', 'corp', 2), ('25139', 'Crisium Grid', 'crisium_grid', 'sc19', 'corp', 1), ('25140', 'Paper Trail', 'paper_trail', 'sc19', 'corp', 2), ('25141', 'Priority Requisition', 'priority_requisition', 'sc19', 'corp', 2), ('25142', 'PAD Campaign', 'pad_campaign', 'sc19', 'corp', 3), ('25143', 'Enigma', 'enigma', 'sc19', 'corp', 3), ('25144', 'Hunter', 'hunter', 'sc19', 'corp', 2), ('25145', 'Wall of Static', 'wall_of_static', 'sc19', 'corp', 3), ('25146', 'Hedge Fund', 'hedge_fund', 'sc19', 'corp', 3), ('25147', 'IPO', 'ipo', 'sc19', 'corp', 2), ('26001', 'Isolation', 'isolation', 'df', 'runner', 3), ('26002', 'Demolisher', 'demolisher', 'df', 'runner', 3), ('26003', 'Chisel', 'chisel', 'df', 'runner', 3), ('26004', 'Stargate', 'stargate', 'df', 'runner', 3), ('26005', 'Utae', 'utae', 'df', 'runner', 3), ('26006', 'Climactic Showdown', 'climactic_showdown', 'df', 'runner', 3), ('26007', 'Fencer Fueno', 'fencer_fueno', 'df', 'runner', 3), ('26008', 'The Nihilist', 'the_nihilist', 'df', 'runner', 3), ('26009', 'Trickster Taka', 'trickster_taka', 'df', 'runner', 3), ('26010', 'Az McCaffrey: Mechanical Prodigy', 'az_mccaffrey__mechanical_prodigy', 'df', 'runner', 1), ('26011', 'Always Have a Backup Plan', 'always_have_a_backup_plan', 'df', 'runner', 3), ('26012', 'Blueberry!™ Diesel', 'blueberry___diesel', 'df', 'runner', 3), ('26013', 'Flip Switch', 'flip_switch', 'df', 'runner', 3), ('26014', 'Lucky Charm', 'lucky_charm', 'df', 'runner', 3), ('26015', 'Masterwork (v37)', 'masterwork__v37_', 'df', 'runner', 3), ('26016', 'Bukhgalter', 'bukhgalter', 'df', 'runner', 3), ('26017', '“Baklan” Bochkin', '_baklan__bochkin', 'df', 'runner', 3), ('26018', 'The Class Act', 'the_class_act', 'df', 'runner', 3), ('26019', 'Lat: Ethical Freelancer', 'lat__ethical_freelancer', 'df', 'runner', 1), ('26020', 'In the Groove', 'in_the_groove', 'df', 'runner', 3), ('26021', 'Khusyuk', 'khusyuk', 'df', 'runner', 3), ('26022', 'Spec Work', 'spec_work', 'df', 'runner', 3), ('26023', 'Supercorridor', 'supercorridor', 'df', 'runner', 3), ('26024', 'Gauss', 'gauss', 'df', 'runner', 3), ('26025', 'Pelangi', 'pelangi', 'df', 'runner', 3), ('26026', 'Rezeki', 'rezeki', 'df', 'runner', 3), ('26027', 'The Artist', 'the_artist', 'df', 'runner', 3), ('26028', 'Direct Access', 'direct_access', 'df', 'runner', 3), ('26029', 'Rejig', 'rejig', 'df', 'runner', 3), ('26030', 'Whistleblower', 'whistleblower', 'df', 'runner', 3), ('26031', 'MirrorMorph: Endless Iteration', 'mirrormorph__endless_iteration', 'df', 'corp', 1), ('26032', 'Architect Deployment Test', 'architect_deployment_test', 'df', 'corp', 3), ('26033', 'Calvin B4L3Y', 'calvin_b4l3y', 'df', 'corp', 3), ('26034', 'Nanoetching Matrix', 'nanoetching_matrix', 'df', 'corp', 3), ('26035', 'Hagen', 'hagen', 'df', 'corp', 3), ('26036', 'Fully Operational', 'fully_operational', 'df', 'corp', 3), ('26037', 'Red Level Clearance', 'red_level_clearance', 'df', 'corp', 3), ('26038', 'Cold Site Server', 'cold_site_server', 'df', 'corp', 3), ('26039', 'Hyoubu Institute: Absolute Clarity', 'hyoubu_institute__absolute_clarity', 'df', 'corp', 1), ('26040', 'Project Yagi-Uda', 'project_yagi_uda', 'df', 'corp', 3), ('26041', 'Sting!', 'sting_', 'df', 'corp', 3), ('26042', 'Public Health Portal', 'public_health_portal', 'df', 'corp', 3), ('26043', 'Storgotic Resonator', 'storgotic_resonator', 'df', 'corp', 3), ('26044', 'Saisentan', 'saisentan', 'df', 'corp', 3), ('26045', 'Complete Image', 'complete_image', 'df', 'corp', 3), ('26046', 'Letheia Nisei', 'letheia_nisei', 'df', 'corp', 3), ('26047', 'Remastered Edition', 'remastered_edition', 'df', 'corp', 3), ('26048', 'Daily Quest', 'daily_quest', 'df', 'corp', 3), ('26049', 'Tiered Subscription', 'tiered_subscription', 'df', 'corp', 3), ('26050', 'Congratulations!', 'congratulations_', 'df', 'corp', 3), ('26051', 'Loot Box', 'loot_box', 'df', 'corp', 3), ('26052', 'Focus Group', 'focus_group', 'df', 'corp', 3), ('26053', 'Game Over', 'game_over', 'df', 'corp', 3), ('26054', 'Increased Drop Rates', 'increased_drop_rates', 'df', 'corp', 3), ('26055', 'Divested Trust', 'divested_trust', 'df', 'corp', 3), ('26056', 'SDS Drone Deployment', 'sds_drone_deployment', 'df', 'corp', 3), ('26057', 'Roughneck Repair Squad', 'roughneck_repair_squad', 'df', 'corp', 3), ('26058', 'Afshar', 'afshar', 'df', 'corp', 3), ('26059', 'Sandstone', 'sandstone', 'df', 'corp', 3), ('26060', 'Trebuchet', 'trebuchet', 'df', 'corp', 3), ('26061', 'Secure and Protect', 'secure_and_protect', 'df', 'corp', 3), ('26062', 'Reduced Service', 'reduced_service', 'df', 'corp', 3), ('26063', 'Vulnerability Audit', 'vulnerability_audit', 'df', 'corp', 3), ('26064', 'CSR Campaign', 'csr_campaign', 'df', 'corp', 3), ('26065', 'Rime', 'rime', 'df', 'corp', 3), ('26066', 'Hoshiko Shiro: Untold Protagonist', 'hoshiko_shiro__untold_protagonist', 'ur', 'runner', 1), ('26067', 'Moshing', 'moshing', 'ur', 'runner', 3), ('26068', 'Devil Charm', 'devil_charm', 'ur', 'runner', 3), ('26069', 'Gachapon', 'gachapon', 'ur', 'runner', 3), ('26070', 'Keiko', 'keiko', 'ur', 'runner', 3), ('26071', 'Odore', 'odore', 'ur', 'runner', 3), ('26072', 'Mystic Maemi', 'mystic_maemi', 'ur', 'runner', 3), ('26073', 'Paladin Poemu', 'paladin_poemu', 'ur', 'runner', 3), ('26074', 'Bravado', 'bravado', 'ur', 'runner', 3), ('26075', 'Boomerang', 'boomerang', 'ur', 'runner', 3), ('26076', 'Mu Safecracker', 'mu_safecracker', 'ur', 'runner', 3), ('26077', 'Prognostic Q-Loop', 'prognostic_q_loop', 'ur', 'runner', 3), ('26078', 'Swift', 'swift', 'ur', 'runner', 3), ('26079', 'Afterimage', 'afterimage', 'ur', 'runner', 3), ('26080', 'Makler', 'makler', 'ur', 'runner', 3), ('26081', 'Penumbral Toolkit', 'penumbral_toolkit', 'ur', 'runner', 3), ('26082', 'The Back', 'the_back', 'ur', 'runner', 3), ('26083', 'Harmony AR Therapy', 'harmony_ar_therapy', 'ur', 'runner', 3), ('26084', 'Aniccam', 'aniccam', 'ur', 'runner', 3), ('26085', 'Simulchip', 'simulchip', 'ur', 'runner', 3), ('26086', 'Cordyceps', 'cordyceps', 'ur', 'runner', 3), ('26087', 'Euler', 'euler', 'ur', 'runner', 3), ('26088', 'Mantle', 'mantle', 'ur', 'runner', 3), ('26089', 'Penrose', 'penrose', 'ur', 'runner', 3), ('26090', 'Self-modifying Code', 'self_modifying_code', 'ur', 'runner', 3), ('26091', 'Cybertrooper Talut', 'cybertrooper_talut', 'ur', 'runner', 3), ('26092', 'Pauleʼs Café', 'pauleʼs_café', 'ur', 'runner', 3), ('26093', 'Buffer Drive', 'buffer_drive', 'ur', 'runner', 3), ('26094', 'Daily Casts', 'daily_casts', 'ur', 'runner', 3), ('26095', 'DreamNet', 'dreamnet', 'ur', 'runner', 3), ('26096', 'Megaprix Qualifier', 'megaprix_qualifier', 'ur', 'corp', 3), ('26097', 'Project Vacheron', 'project_vacheron', 'ur', 'corp', 3), ('26098', 'Bass CH1R180G4', 'bass_ch1r180g4', 'ur', 'corp', 3), ('26099', 'Cerebral Overwriter', 'cerebral_overwriter', 'ur', 'corp', 3), ('26100', 'Vaporframe Fabricator', 'vaporframe_fabricator', 'ur', 'corp', 3), ('26101', 'Drafter', 'drafter', 'ur', 'corp', 3), ('26102', 'Týr', 'týr', 'ur', 'corp', 3), ('26103', 'NEXT Activation Command', 'next_activation_command', 'ur', 'corp', 3), ('26104', 'Scapenet', 'scapenet', 'ur', 'corp', 3), ('26105', 'Tranquility Home Grid', 'tranquility_home_grid', 'ur', 'corp', 3), ('26106', 'Flower Sermon', 'flower_sermon', 'ur', 'corp', 3), ('26107', 'Prāna Condenser', 'prāna_condenser', 'ur', 'corp', 3), ('26108', 'Engram Flush', 'engram_flush', 'ur', 'corp', 3), ('26109', 'Konjin', 'konjin', 'ur', 'corp', 3), ('26110', 'Hyoubu Precog Manifold', 'hyoubu_precog_manifold', 'ur', 'corp', 3), ('26111', 'Kakurenbo', 'kakurenbo', 'ur', 'corp', 3), ('26112', 'La Costa Grid', 'la_costa_grid', 'ur', 'corp', 3), ('26113', 'GameNET: Where Dreams are Real', 'gamenet__where_dreams_are_real', 'ur', 'corp', 1), ('26114', 'Bellona', 'bellona', 'ur', 'corp', 3), ('26115', 'F2P', 'f2p', 'ur', 'corp', 3), ('26116', 'Gold Farmer', 'gold_farmer', 'ur', 'corp', 3), ('26117', 'Digital Rights Management', 'digital_rights_management', 'ur', 'corp', 3), ('26118', 'SYNC Rerouting', 'sync_rerouting', 'ur', 'corp', 3), ('26119', 'Ganked!', 'ganked_', 'ur', 'corp', 3), ('26120', 'Earth Station: SEA Headquarters', 'earth_station__sea_headquarters', 'ur', 'corp', 1), ('26121', 'Transport Monopoly', 'transport_monopoly', 'ur', 'corp', 3), ('26122', 'Wall to Wall', 'wall_to_wall', 'ur', 'corp', 3), ('26123', 'Akhet', 'akhet', 'ur', 'corp', 3), ('26124', 'Colossus', 'colossus', 'ur', 'corp', 3), ('26125', 'Winchester', 'winchester', 'ur', 'corp', 3), ('26126', 'Argus Crackdown', 'argus_crackdown', 'ur', 'corp', 3), ('26127', 'Cayambe Grid', 'cayambe_grid', 'ur', 'corp', 3), ('26128', 'Cyberdex Sandbox', 'cyberdex_sandbox', 'ur', 'corp', 3), ('26129', 'False Lead', 'false_lead', 'ur', 'corp', 3), ('26130', 'NAPD Cordon', 'napd_cordon', 'ur', 'corp', 3), ('27001', 'Mystic Maemi', 'mystic_maemi', 'urbp', 'runner', 3), ('27002', 'Swift', 'swift', 'urbp', 'runner', 3), ('27003', 'Cybertrooper Talut', 'cybertrooper_talut', 'urbp', 'runner', 3), ('27004', 'Megaprix Qualifier', 'megaprix_qualifier', 'urbp', 'corp', 3), ('27005', 'La Costa Grid', 'la_costa_grid', 'urbp', 'corp', 3), ('27006', 'Digital Rights Management', 'digital_rights_management', 'urbp', 'corp', 3), ('27007', 'Cayambe Grid', 'cayambe_grid', 'urbp', 'corp', 3), ('28001', 'Labor Rights', 'labor_rights', 'mor', 'runner', 3), ('28002', 'Crowdfunding', 'crowdfunding', 'mor', 'runner', 3), ('28003', 'Embolus', 'embolus', 'mor', 'corp', 3), ('28004', 'Slot Machine', 'slot_machine', 'mor', 'corp', 3), ('28005', 'Border Control', 'border_control', 'mor', 'corp', 3), ('28006', 'Timely Public Release', 'timely_public_release', 'mor', 'corp', 3), ('29001', 'Medium', 'medium', 'sm', 'runner', 2), ('29002', 'Parasite', 'parasite', 'sm', 'runner', 3), ('29003', 'e3 Feedback Implants', 'e3_feedback_implants', 'sm', 'runner', 3), ('29004', 'Cache', 'cache', 'sm', 'runner', 3), ('29005', 'Indexing', 'indexing', 'sm', 'runner', 2), ('29006', 'Cerberus "Lady" H1', 'cerberus__lady__h1', 'sm', 'runner', 3), ('29007', 'Lucky Find', 'lucky_find', 'sm', 'runner', 3), ('29008', 'Prepaid VoicePAD', 'prepaid_voicepad', 'sm', 'runner', 3), ('29009', 'NEXT Bronze', 'next_bronze', 'sm', 'corp', 3), ('29010', 'NEXT Silver', 'next_silver', 'sm', 'corp', 3), ('29011', 'Hostile Infrastructure', 'hostile_infrastructure', 'sm', 'corp', 3), ('29012', 'Turtlebacks', 'turtlebacks', 'sm', 'corp', 3), ('29013', 'Sweeps Week', 'sweeps_week', 'sm', 'corp', 3), ('29014', 'SanSan City Grid', 'sansan_city_grid', 'sm', 'corp', 1), ('29015', 'Executive Boot Camp', 'executive_boot_camp', 'sm', 'corp', 3), ('29016', 'Scorched Earth', 'scorched_earth', 'sm', 'corp', 2), ('29017', 'Excalibur', 'excalibur', 'sm', 'corp', 3), ('29018', 'Subliminal Messaging', 'subliminal_messaging', 'sm', 'corp', 3), ('30001', 'René “Loup” Arcemont: Party Animal', 'rené__loup__arcemont__party_animal', 'sg', 'runner', 1), ('30002', 'Wildcat Strike', 'wildcat_strike', 'sg', 'runner', 3), ('30003', 'Carnivore', 'carnivore', 'sg', 'runner', 3), ('30004', 'Botulus', 'botulus', 'sg', 'runner', 3), ('30005', 'Buzzsaw', 'buzzsaw', 'sg', 'runner', 3), ('30006', 'Cleaver', 'cleaver', 'sg', 'runner', 3), ('30007', 'Fermenter', 'fermenter', 'sg', 'runner', 3), ('30008', 'Leech', 'leech', 'sg', 'runner', 3), ('30009', 'Cookbook', 'cookbook', 'sg', 'runner', 3), ('30010', 'Zahya Sadeghi: Versatile Smuggler', 'zahya_sadeghi__versatile_smuggler', 'sg', 'runner', 1), ('30011', 'Mutual Favor', 'mutual_favor', 'sg', 'runner', 3), ('30012', 'Tread Lightly', 'tread_lightly', 'sg', 'runner', 3), ('30013', 'Docklands Pass', 'docklands_pass', 'sg', 'runner', 3), ('30014', 'Pennyshaver', 'pennyshaver', 'sg', 'runner', 3), ('30015', 'Carmen', 'carmen', 'sg', 'runner', 3), ('30016', 'Marjanah', 'marjanah', 'sg', 'runner', 3), ('30017', 'Tranquilizer', 'tranquilizer', 'sg', 'runner', 3), ('30018', 'Red Team', 'red_team', 'sg', 'runner', 3), ('30019', 'Tāo Salonga: Telepresence Magician', 'tāo_salonga__telepresence_magician', 'sg', 'runner', 1), ('30020', 'Creative Commission', 'creative_commission', 'sg', 'runner', 3), ('30021', 'VRcation', 'vrcation', 'sg', 'runner', 3), ('30022', 'DZMZ Optimizer', 'dzmz_optimizer', 'sg', 'runner', 3), ('30023', 'Pantograph', 'pantograph', 'sg', 'runner', 3), ('30024', 'Conduit', 'conduit', 'sg', 'runner', 3), ('30025', 'Echelon', 'echelon', 'sg', 'runner', 3), ('30026', 'Unity', 'unity', 'sg', 'runner', 3), ('30027', 'Telework Contract', 'telework_contract', 'sg', 'runner', 3), ('30028', 'Jailbreak', 'jailbreak', 'sg', 'runner', 3), ('30029', 'Overclock', 'overclock', 'sg', 'runner', 3), ('30030', 'Sure Gamble', 'sure_gamble', 'sg', 'runner', 3), ('30031', 'T400 Memory Diamond', 't400_memory_diamond', 'sg', 'runner', 3), ('30032', 'Mayfly', 'mayfly', 'sg', 'runner', 3), ('30033', 'Smartware Distributor', 'smartware_distributor', 'sg', 'runner', 3), ('30034', 'Verbal Plasticity', 'verbal_plasticity', 'sg', 'runner', 3), ('30035', 'Haas-Bioroid: Precision Design', 'haas_bioroid__precision_design', 'sg', 'corp', 1), ('30036', 'Luminal Transubstantiation', 'luminal_transubstantiation', 'sg', 'corp', 1), ('30037', 'Nico Campaign', 'nico_campaign', 'sg', 'corp', 3), ('30038', 'Ansel 1.0', 'ansel_1_0', 'sg', 'corp', 3), ('30039', 'Brân 1.0', 'brân_1_0', 'sg', 'corp', 3), ('30040', 'Seamless Launch', 'seamless_launch', 'sg', 'corp', 3), ('30041', 'Sprint', 'sprint', 'sg', 'corp', 3), ('30042', 'Manegarm Skunkworks', 'manegarm_skunkworks', 'sg', 'corp', 3), ('30043', 'Jinteki: Restoring Humanity', 'jinteki__restoring_humanity', 'sg', 'corp', 1), ('30044', 'Longevity Serum', 'longevity_serum', 'sg', 'corp', 1), ('30045', 'Urtica Cipher', 'urtica_cipher', 'sg', 'corp', 3), ('30046', 'Diviner', 'diviner', 'sg', 'corp', 3), ('30047', 'Karunā', 'karunā', 'sg', 'corp', 3), ('30048', 'Hansei Review', 'hansei_review', 'sg', 'corp', 3), ('30049', 'Neurospike', 'neurospike', 'sg', 'corp', 3), ('30050', 'Anoetic Void', 'anoetic_void', 'sg', 'corp', 3), ('30051', 'NBN: Reality Plus', 'nbn__reality_plus', 'sg', 'corp', 1), ('30052', 'Tomorrowʼs Headline', 'tomorrowʼs_headline', 'sg', 'corp', 1), ('30053', 'Spin Doctor', 'spin_doctor', 'sg', 'corp', 3), ('30054', 'Funhouse', 'funhouse', 'sg', 'corp', 3), ('30055', 'Ping', 'ping', 'sg', 'corp', 3), ('30056', 'Predictive Planogram', 'predictive_planogram', 'sg', 'corp', 3), ('30057', 'Public Trail', 'public_trail', 'sg', 'corp', 3), ('30058', 'AMAZE Amusements', 'amaze_amusements', 'sg', 'corp', 3), ('30059', 'Weyland Consortium: Built to Last', 'weyland_consortium__built_to_last', 'sg', 'corp', 1), ('30060', 'Above the Law', 'above_the_law', 'sg', 'corp', 1), ('30061', 'Clearinghouse', 'clearinghouse', 'sg', 'corp', 3), ('30062', 'Ballista', 'ballista', 'sg', 'corp', 3), ('30063', 'Pharos', 'pharos', 'sg', 'corp', 3), ('30064', 'Government Subsidy', 'government_subsidy', 'sg', 'corp', 3), ('30065', 'Retribution', 'retribution', 'sg', 'corp', 3), ('30066', 'Malapert Data Vault', 'malapert_data_vault', 'sg', 'corp', 3), ('30067', 'Offworld Office', 'offworld_office', 'sg', 'corp', 3), ('30068', 'Orbital Superiority', 'orbital_superiority', 'sg', 'corp', 3), ('30069', 'Send a Message', 'send_a_message', 'sg', 'corp', 3), ('30070', 'Superconducting Hub', 'superconducting_hub', 'sg', 'corp', 3), ('30071', 'Regolith Mining License', 'regolith_mining_license', 'sg', 'corp', 3), ('30072', 'Palisade', 'palisade', 'sg', 'corp', 3), ('30073', 'Tithe', 'tithe', 'sg', 'corp', 3), ('30074', 'Whitespace', 'whitespace', 'sg', 'corp', 3), ('30075', 'Hedge Fund', 'hedge_fund', 'sg', 'corp', 3), ('30076', 'The Catalyst: Convention Breaker', 'the_catalyst__convention_breaker', 'sg', 'runner', 1), ('30077', 'The Syndicate: Profit over Principle', 'the_syndicate__profit_over_principle', 'sg', 'corp', 1), ('31001', 'Quetzal: Free Spirit', 'quetzal__free_spirit', 'su21', 'runner', 1), ('31002', 'Reina Roja: Freedom Fighter', 'reina_roja__freedom_fighter', 'su21', 'runner', 1), ('31003', 'En Passant', 'en_passant', 'su21', 'runner', 3), ('31004', 'Retrieval Run', 'retrieval_run', 'su21', 'runner', 3), ('31005', 'Clot', 'clot', 'su21', 'runner', 3), ('31006', 'Corroder', 'corroder', 'su21', 'runner', 3), ('31007', 'Imp', 'imp', 'su21', 'runner', 3), ('31008', 'Mimic', 'mimic', 'su21', 'runner', 3), ('31009', 'Ice Carver', 'ice_carver', 'su21', 'runner', 3), ('31010', 'Liberated Account', 'liberated_account', 'su21', 'runner', 3), ('31011', 'Scrubber', 'scrubber', 'su21', 'runner', 3), ('31012', 'Xanadu', 'xanadu', 'su21', 'runner', 3), ('31013', 'Ken “Express” Tenma: Disappeared Clone', 'ken__express__tenma__disappeared_clone', 'su21', 'runner', 1), ('31014', 'Steve Cambridge: Master Grifter', 'steve_cambridge__master_grifter', 'su21', 'runner', 1), ('31015', 'Career Fair', 'career_fair', 'su21', 'runner', 3), ('31016', 'Emergency Shutdown', 'emergency_shutdown', 'su21', 'runner', 3), ('31017', 'Forged Activation Orders', 'forged_activation_orders', 'su21', 'runner', 3), ('31018', 'Inside Job', 'inside_job', 'su21', 'runner', 3), ('31019', 'Legwork', 'legwork', 'su21', 'runner', 3), ('31020', 'Networking', 'networking', 'su21', 'runner', 3), ('31021', 'Abagnale', 'abagnale', 'su21', 'runner', 3), ('31022', 'Femme Fatale', 'femme_fatale', 'su21', 'runner', 3), ('31023', 'Sneakdoor Beta', 'sneakdoor_beta', 'su21', 'runner', 3), ('31024', 'Security Testing', 'security_testing', 'su21', 'runner', 3), ('31025', 'Ayla “Bios” Rahim: Simulant Specialist', 'ayla__bios__rahim__simulant_specialist', 'su21', 'runner', 1), ('31026', 'Rielle “Kit” Peddler: Transhuman', 'rielle__kit__peddler__transhuman', 'su21', 'runner', 1), ('31027', 'Diesel', 'diesel', 'su21', 'runner', 3), ('31028', 'Test Run', 'test_run', 'su21', 'runner', 3), ('31029', 'The Maker’s Eye', 'the_maker_s_eye', 'su21', 'runner', 3), ('31030', 'Atman', 'atman', 'su21', 'runner', 3), ('31031', 'Chameleon', 'chameleon', 'su21', 'runner', 3), ('31032', 'Egret', 'egret', 'su21', 'runner', 3), ('31033', 'Gordian Blade', 'gordian_blade', 'su21', 'runner', 3), ('31034', 'Paricia', 'paricia', 'su21', 'runner', 3), ('31035', 'Aesop’s Pawnshop', 'aesop_s_pawnshop', 'su21', 'runner', 3);
INSERT INTO cards (code, title, title_normalized, pack_code, side, quantity) VALUES ('31036', 'Professional Contacts', 'professional_contacts', 'su21', 'runner', 3), ('31037', 'Dirty Laundry', 'dirty_laundry', 'su21', 'runner', 3), ('31038', 'Prepaid VoicePAD', 'prepaid_voicepad', 'su21', 'runner', 3), ('31039', 'Earthrise Hotel', 'earthrise_hotel', 'su21', 'runner', 3), ('31040', 'Haas-Bioroid: Architects of Tomorrow', 'haas_bioroid__architects_of_tomorrow', 'su21', 'corp', 1), ('31041', 'Project Vitruvius', 'project_vitruvius', 'su21', 'corp', 3), ('31042', 'Marilyn Campaign', 'marilyn_campaign', 'su21', 'corp', 3), ('31043', 'Eli 1.0', 'eli_1_0', 'su21', 'corp', 3), ('31044', 'Magnet', 'magnet', 'su21', 'corp', 3), ('31045', 'Ravana 1.0', 'ravana_1_0', 'su21', 'corp', 3), ('31046', 'Rototurret', 'rototurret', 'su21', 'corp', 3), ('31047', 'Archived Memories', 'archived_memories', 'su21', 'corp', 3), ('31048', 'Biotic Labor', 'biotic_labor', 'su21', 'corp', 3), ('31049', 'Corporate Troubleshooter', 'corporate_troubleshooter', 'su21', 'corp', 3), ('31050', 'Jinteki: Personal Evolution', 'jinteki__personal_evolution', 'su21', 'corp', 1), ('31051', 'House of Knives', 'house_of_knives', 'su21', 'corp', 3), ('31052', 'Nisei MK II', 'nisei_mk_ii', 'su21', 'corp', 3), ('31053', 'Ronin', 'ronin', 'su21', 'corp', 3), ('31054', 'Snare!', 'snare_', 'su21', 'corp', 3), ('31055', 'Lotus Field', 'lotus_field', 'su21', 'corp', 3), ('31056', 'Swordsman', 'swordsman', 'su21', 'corp', 3), ('31057', 'Celebrity Gift', 'celebrity_gift', 'su21', 'corp', 3), ('31058', 'Trick of Light', 'trick_of_light', 'su21', 'corp', 3), ('31059', 'Hokusai Grid', 'hokusai_grid', 'su21', 'corp', 3), ('31060', 'Near-Earth Hub: Broadcast Center', 'near_earth_hub__broadcast_center', 'su21', 'corp', 1), ('31061', 'License Acquisition', 'license_acquisition', 'su21', 'corp', 3), ('31062', 'Project Beale', 'project_beale', 'su21', 'corp', 3), ('31063', 'Daily Business Show', 'daily_business_show', 'su21', 'corp', 3), ('31064', 'Reversed Accounts', 'reversed_accounts', 'su21', 'corp', 3), ('31065', 'Pop-up Window', 'pop_up_window', 'su21', 'corp', 3), ('31066', 'Tollbooth', 'tollbooth', 'su21', 'corp', 3), ('31067', 'Wraparound', 'wraparound', 'su21', 'corp', 3), ('31068', 'Psychographics', 'psychographics', 'su21', 'corp', 3), ('31069', 'SanSan City Grid', 'sansan_city_grid', 'su21', 'corp', 3), ('31070', 'Weyland Consortium: Building a Better World', 'weyland_consortium__building_a_better_world', 'su21', 'corp', 1), ('31071', 'Hostile Takeover', 'hostile_takeover', 'su21', 'corp', 3), ('31072', 'Oaktown Renovation', 'oaktown_renovation', 'su21', 'corp', 3), ('31073', 'Project Atlas', 'project_atlas', 'su21', 'corp', 3), ('31074', 'Corporate Town', 'corporate_town', 'su21', 'corp', 3), ('31075', 'Archer', 'archer', 'su21', 'corp', 3), ('31076', 'Hortum', 'hortum', 'su21', 'corp', 3), ('31077', 'Ice Wall', 'ice_wall', 'su21', 'corp', 3), ('31078', 'Punitive Counterstrike', 'punitive_counterstrike', 'su21', 'corp', 3), ('31079', 'Crisium Grid', 'crisium_grid', 'su21', 'corp', 3), ('31080', 'PAD Campaign', 'pad_campaign', 'su21', 'corp', 3), ('31081', 'Enigma', 'enigma', 'su21', 'corp', 3), ('31082', 'Subliminal Messaging', 'subliminal_messaging', 'su21', 'corp', 3), ('32001', 'Light the Fire!', 'light_the_fire_', 'msbp', 'runner', 3), ('32002', 'Revolver', 'revolver', 'msbp', 'runner', 3), ('32003', 'Deep Dive', 'deep_dive', 'msbp', 'runner', 3), ('32004', 'Hákarl 1.0', 'hákarl_1_0', 'msbp', 'corp', 3), ('32005', 'Anemone', 'anemone', 'msbp', 'corp', 3), ('32006', 'Vladisibirsk City Grid', 'vladisibirsk_city_grid', 'msbp', 'corp', 3), ('32007', 'Azef Protocol', 'azef_protocol', 'msbp', 'corp', 3), ('33001', 'Esâ Afontov: Eco-Insurrectionist', 'esâ_afontov__eco_insurrectionist', 'ms', 'runner', 1), ('33002', 'Chastushka', 'chastushka', 'ms', 'runner', 3), ('33003', 'Running Hot', 'running_hot', 'ms', 'runner', 3), ('33004', 'Steelskin Scarring', 'steelskin_scarring', 'ms', 'runner', 3), ('33005', 'Ghosttongue', 'ghosttongue', 'ms', 'runner', 3), ('33006', 'Marrow', 'marrow', 'ms', 'runner', 3), ('33007', 'Begemot', 'begemot', 'ms', 'runner', 3), ('33008', 'Avgustina Ivanovskaya', 'avgustina_ivanovskaya', 'ms', 'runner', 3), ('33009', 'Light the Fire!', 'light_the_fire_', 'ms', 'runner', 3), ('33010', 'The Twinning', 'the_twinning', 'ms', 'runner', 3), ('33011', 'Nyusha "Sable" Sintashta: Symphonic Prodigy', 'nyusha__sable__sintashta__symphonic_prodigy', 'ms', 'runner', 1), ('33012', 'Carpe Diem', 'carpe_diem', 'ms', 'runner', 3), ('33013', 'Pinhole Threading', 'pinhole_threading', 'ms', 'runner', 3), ('33014', 'PAN-Weave', 'pan_weave', 'ms', 'runner', 3), ('33015', 'Virtuoso', 'virtuoso', 'ms', 'runner', 3), ('33016', 'Cat''s Cradle', 'cat_s_cradle', 'ms', 'runner', 3), ('33017', 'Cezve', 'cezve', 'ms', 'runner', 3), ('33018', 'Revolver', 'revolver', 'ms', 'runner', 3), ('33019', 'Backstitching', 'backstitching', 'ms', 'runner', 3), ('33020', 'No Free Lunch', 'no_free_lunch', 'ms', 'runner', 3), ('33021', 'Captain Padma Isbister: Intrepid Explorer', 'captain_padma_isbister__intrepid_explorer', 'ms', 'runner', 1), ('33022', 'Deep Dive', 'deep_dive', 'ms', 'runner', 3), ('33023', 'Into the Depths', 'into_the_depths', 'ms', 'runner', 3), ('33024', 'Rigging Up', 'rigging_up', 'ms', 'runner', 3), ('33025', 'Endurance', 'endurance', 'ms', 'runner', 3), ('33026', 'Hyperbaric', 'hyperbaric', 'ms', 'runner', 3), ('33027', 'Propeller', 'propeller', 'ms', 'runner', 3), ('33028', 'Daeg, First Net-Cat', 'daeg__first_net_cat', 'ms', 'runner', 3), ('33029', 'Environmental Testing', 'environmental_testing', 'ms', 'runner', 3), ('33030', 'Stoneship Chart Room', 'stoneship_chart_room', 'ms', 'runner', 3), ('33031', 'Élivágar Bifurcation', 'élivágar_bifurcation', 'ms', 'corp', 3), ('33032', 'Midnight-3 Arcology', 'midnight_3_arcology', 'ms', 'corp', 3), ('33033', 'Refuge Campaign', 'refuge_campaign', 'ms', 'corp', 3), ('33034', 'Trieste Model Bioroids', 'trieste_model_bioroids', 'ms', 'corp', 3), ('33035', 'Echo', 'echo', 'ms', 'corp', 3), ('33036', 'Hákarl 1.0', 'hákarl_1_0', 'ms', 'corp', 3), ('33037', 'Wave', 'wave', 'ms', 'corp', 3), ('33038', 'Big Deal', 'big_deal', 'ms', 'corp', 3), ('33039', 'Blood in the Water', 'blood_in_the_water', 'ms', 'corp', 3), ('33040', 'Regenesis', 'regenesis', 'ms', 'corp', 3), ('33041', 'Bladderwort', 'bladderwort', 'ms', 'corp', 3), ('33042', 'Moon Pool', 'moon_pool', 'ms', 'corp', 3), ('33043', 'Anemone', 'anemone', 'ms', 'corp', 3), ('33044', 'Bathynomus', 'bathynomus', 'ms', 'corp', 3), ('33045', 'Ivik', 'ivik', 'ms', 'corp', 3), ('33046', 'Mitosis', 'mitosis', 'ms', 'corp', 3), ('33047', 'Mavirus', 'mavirus', 'ms', 'corp', 3), ('33048', 'Pravdivost Consulting: Political Solutions', 'pravdivost_consulting__political_solutions', 'ms', 'corp', 1), ('33049', 'Artificial Cryptocrash', 'artificial_cryptocrash', 'ms', 'corp', 3), ('33050', 'Chekist Scion', 'chekist_scion', 'ms', 'corp', 3), ('33051', 'Drago Ivanov', 'drago_ivanov', 'ms', 'corp', 3), ('33052', 'Ubiquitous Vig', 'ubiquitous_vig', 'ms', 'corp', 3), ('33053', 'Mestnichestvo', 'mestnichestvo', 'ms', 'corp', 3), ('33054', 'Vasilisa', 'vasilisa', 'ms', 'corp', 3), ('33055', 'Backroom Machinations', 'backroom_machinations', 'ms', 'corp', 3), ('33056', 'Vladisibirsk City Grid', 'vladisibirsk_city_grid', 'ms', 'corp', 3), ('33057', 'Ob Superheavy Logistics: Extract. Export. Excel.', 'ob_superheavy_logistics__extract__export__excel_', 'ms', 'corp', 1), ('33058', 'Azef Protocol', 'azef_protocol', 'ms', 'corp', 3), ('33059', 'Svyatogor Excavator', 'svyatogor_excavator', 'ms', 'corp', 3), ('33060', 'Envelopment', 'envelopment', 'ms', 'corp', 3), ('33061', 'Maskirovka', 'maskirovka', 'ms', 'corp', 3), ('33062', 'Stavka', 'stavka', 'ms', 'corp', 3), ('33063', 'Extract', 'extract', 'ms', 'corp', 3), ('33064', 'Mutually Assured Destruction', 'mutually_assured_destruction', 'ms', 'corp', 3), ('33065', 'Trust Operation', 'trust_operation', 'ms', 'corp', 3), ('33066', 'Finality', 'finality', 'ph', 'runner', 3), ('33067', 'Katorga Breakout', 'katorga_breakout', 'ph', 'runner', 3), ('33068', 'Raindrops Cut Stone', 'raindrops_cut_stone', 'ph', 'runner', 3), ('33069', 'Time Bomb', 'time_bomb', 'ph', 'runner', 3), ('33070', 'Abaasy', 'abaasy', 'ph', 'runner', 3), ('33071', 'Hush', 'hush', 'ph', 'runner', 3), ('33072', 'Nga', 'nga', 'ph', 'runner', 3), ('33073', 'Num', 'num', 'ph', 'runner', 3), ('33074', 'Tsakhia "Bankhar" Gantulga', 'tsakhia__bankhar__gantulga', 'ph', 'runner', 3), ('33075', 'Concerto', 'concerto', 'ph', 'runner', 3), ('33076', 'Reprise', 'reprise', 'ph', 'runner', 3), ('33077', 'Poison Vial', 'poison_vial', 'ph', 'runner', 3), ('33078', 'WAKE Implant v2A-JRJ', 'wake_implant_v2a_jrj', 'ph', 'runner', 3), ('33079', 'Zenit Chip JZ-2MJ', 'zenit_chip_jz_2mj', 'ph', 'runner', 3), ('33080', 'Tremolo', 'tremolo', 'ph', 'runner', 3), ('33081', 'Tunnel Vision', 'tunnel_vision', 'ph', 'runner', 3), ('33082', 'Asmund Pudlat', 'asmund_pudlat', 'ph', 'runner', 3), ('33083', 'Info Bounty', 'info_bounty', 'ph', 'runner', 3), ('33084', 'Spark of Inspiration', 'spark_of_inspiration', 'ph', 'runner', 3), ('33085', 'Hippocampic Mechanocytes', 'hippocampic_mechanocytes', 'ph', 'runner', 3), ('33086', 'Basilar Synthgland 2KVJ', 'basilar_synthgland_2kvj', 'ph', 'runner', 3), ('33087', 'Flux Capacitor', 'flux_capacitor', 'ph', 'runner', 3), ('33088', 'Nanuq', 'nanuq', 'ph', 'runner', 3), ('33089', 'Orca', 'orca', 'ph', 'runner', 3), ('33090', 'K2CP Turbine', 'k2cp_turbine', 'ph', 'runner', 3), ('33091', 'World Tree', 'world_tree', 'ph', 'runner', 3), ('33092', 'Dr. Nuka Vrolyck', 'dr__nuka_vrolyck', 'ph', 'runner', 3), ('33093', 'Nova Initiumia: Catalyst & Impetus', 'nova_initiumia__catalyst___impetus', 'ph', 'runner', 1), ('33094', 'Matryoshka', 'matryoshka', 'ph', 'runner', 6), ('33095', 'Thule Subsea: Safety Below', 'thule_subsea__safety_below', 'ph', 'corp', 1), ('33096', 'Ontological Dependence', 'ontological_dependence', 'ph', 'corp', 3), ('33097', 'Nightmare Archive', 'nightmare_archive', 'ph', 'corp', 3), ('33098', 'Bloop', 'bloop', 'ph', 'corp', 3), ('33099', 'Pulse', 'pulse', 'ph', 'corp', 3), ('33100', 'Distributed Tracing', 'distributed_tracing', 'ph', 'corp', 3), ('33101', 'Hypoxia', 'hypoxia', 'ph', 'corp', 3), ('33102', 'Djupstad Grid', 'djupstad_grid', 'ph', 'corp', 3), ('33103', 'Mr. Hendrik', 'mr__hendrik', 'ph', 'corp', 3), ('33104', 'Issuaq Adaptics: Sustaining Diversity', 'issuaq_adaptics__sustaining_diversity', 'ph', 'corp', 1), ('33105', 'Hybrid Release', 'hybrid_release', 'ph', 'corp', 3), ('33106', 'Dr. Vientiane Keeling', 'dr__vientiane_keeling', 'ph', 'corp', 3), ('33107', 'Reaper Function', 'reaper_function', 'ph', 'corp', 3), ('33108', 'Hafrún', 'hafrún', 'ph', 'corp', 3), ('33109', 'Vampyronassa', 'vampyronassa', 'ph', 'corp', 3), ('33110', 'Simulation Reset', 'simulation_reset', 'ph', 'corp', 3), ('33111', 'Nanisivik Grid', 'nanisivik_grid', 'ph', 'corp', 3), ('33112', 'Freedom of Information', 'freedom_of_information', 'ph', 'corp', 3), ('33113', 'Post-Truth Dividend', 'post_truth_dividend', 'ph', 'corp', 3), ('33114', 'Gaslight', 'gaslight', 'ph', 'corp', 3), ('33115', 'Vera Ivanovna Shuyskaya', 'vera_ivanovna_shuyskaya', 'ph', 'corp', 3), ('33116', 'Klevetnik', 'klevetnik', 'ph', 'corp', 3), ('33117', 'Unsmiling Tsarevna', 'unsmiling_tsarevna', 'ph', 'corp', 3), ('33118', 'Nonequivalent Exchange', 'nonequivalent_exchange', 'ph', 'corp', 3), ('33119', 'Shipment from Vladisibirsk', 'shipment_from_vladisibirsk', 'ph', 'corp', 3), ('33120', 'Regulatory Capture', 'regulatory_capture', 'ph', 'corp', 3), ('33121', 'Kimberlite Field', 'kimberlite_field', 'ph', 'corp', 3), ('33122', 'Hostile Architecture', 'hostile_architecture', 'ph', 'corp', 3), ('33123', 'Superdeep Borehole', 'superdeep_borehole', 'ph', 'corp', 3), ('33124', 'Anvil', 'anvil', 'ph', 'corp', 3), ('33125', 'End of the Line', 'end_of_the_line', 'ph', 'corp', 3), ('33126', 'Yakov Erikovich Avdakov', 'yakov_erikovich_avdakov', 'ph', 'corp', 3), ('33127', 'ZATO City Grid', 'zato_city_grid', 'ph', 'corp', 3), ('33128', 'Ampère: Cybernetics For Anyone', 'ampère__cybernetics_for_anyone', 'ph', 'corp', 1), ('34001', 'Strike Fund', 'strike_fund', 'tai', 'runner', 3), ('34002', 'The Price', 'the_price', 'tai', 'runner', 3), ('34003', 'Solidarity Badge', 'solidarity_badge', 'tai', 'runner', 3), ('34004', 'Audrey v2', 'audrey_v2', 'tai', 'runner', 3), ('34005', 'Banner', 'banner', 'tai', 'runner', 3), ('34006', 'Monkeywrench', 'monkeywrench', 'tai', 'runner', 3), ('34007', 'Eru Ayase-Pessoa', 'eru_ayase_pessoa', 'tai', 'runner', 3), ('34008', 'Hannah "Wheels" Pilintra', 'hannah__wheels__pilintra', 'tai', 'runner', 3), ('34009', 'Lago Paranoá Shelter', 'lago_paranoá_shelter', 'tai', 'runner', 3), ('34010', 'Mercury: Chrome Libertador', 'mercury__chrome_libertador', 'tai', 'runner', 1), ('34011', 'Chrysopoeian Skimming', 'chrysopoeian_skimming', 'tai', 'runner', 3), ('34012', 'S-Dobrado', 's_dobrado', 'tai', 'runner', 3), ('34013', 'Capybara', 'capybara', 'tai', 'runner', 3), ('34014', 'Hermes', 'hermes', 'tai', 'runner', 3), ('34015', 'Curupira', 'curupira', 'tai', 'runner', 3), ('34016', 'Laser Pointer', 'laser_pointer', 'tai', 'runner', 3), ('34017', 'Saci', 'saci', 'tai', 'runner', 3), ('34018', 'Shibboleth', 'shibboleth', 'tai', 'runner', 3), ('34019', 'Debbie "Downtown" Moreira', 'debbie__downtown__moreira', 'tai', 'runner', 3), ('34020', 'Arissana Rocha Nahu: Street Artist', 'arissana_rocha_nahu__street_artist', 'tai', 'runner', 1), ('34021', 'Joy Ride', 'joy_ride', 'tai', 'runner', 3), ('34022', 'AirbladeX (JSRF Ed.)', 'airbladex__jsrf_ed__', 'tai', 'runner', 3), ('34023', 'LilyPAD', 'lilypad', 'tai', 'runner', 3), ('34024', 'Living Mural', 'living_mural', 'tai', 'runner', 3), ('34025', 'Pichação', 'pichação', 'tai', 'runner', 3), ('34026', 'Slap Vandal', 'slap_vandal', 'tai', 'runner', 3), ('34027', 'Umbrella', 'umbrella', 'tai', 'runner', 3), ('34028', 'Beatriz Friere Gonzalez', 'beatriz_friere_gonzalez', 'tai', 'runner', 3), ('34029', 'Urban Art Vernissage', 'urban_art_vernissage', 'tai', 'runner', 3), ('34030', 'Bahia Bands', 'bahia_bands', 'tai', 'runner', 3), ('34031', 'Salvo Testing', 'salvo_testing', 'tai', 'corp', 3), ('34032', 'Stegodon MK IV', 'stegodon_mk_iv', 'tai', 'corp', 3), ('34033', 'Wage Workers', 'wage_workers', 'tai', 'corp', 3), ('34034', 'Ablative Barrier', 'ablative_barrier', 'tai', 'corp', 3), ('34035', 'Jaguarundi', 'jaguarundi', 'tai', 'corp', 3), ('34036', 'M.I.C.', 'm_i_c_', 'tai', 'corp', 3), ('34037', 'Greasing the Palm', 'greasing_the_palm', 'tai', 'corp', 3), ('34038', 'Vovô Ozetti', 'vovô_ozetti', 'tai', 'corp', 3), ('34039', 'A Teia: IP Recovery', 'a_teia__ip_recovery', 'tai', 'corp', 1), ('34040', 'Fujii Asset Retrieval', 'fujii_asset_retrieval', 'tai', 'corp', 3), ('34041', 'Front Company', 'front_company', 'tai', 'corp', 3), ('34042', 'Attini', 'attini', 'tai', 'corp', 3), ('34043', 'Phoneutria', 'phoneutria', 'tai', 'corp', 3), ('34044', 'Tatu-Bola', 'tatu_bola', 'tai', 'corp', 3), ('34045', 'Mindscaping', 'mindscaping', 'tai', 'corp', 3), ('34046', 'Adrian Seis', 'adrian_seis', 'tai', 'corp', 3), ('34047', 'Daniela Jorge Inácio', 'daniela_jorge_inácio', 'tai', 'corp', 3), ('34048', 'Epiphany Analytica: Nations Undivided', 'epiphany_analytica__nations_undivided', 'tai', 'corp', 1), ('34049', 'Oracle Thinktank', 'oracle_thinktank', 'tai', 'corp', 3), ('34050', 'Balanced Coverage', 'balanced_coverage', 'tai', 'corp', 3), ('34051', 'Behold!', 'behold_', 'tai', 'corp', 3), ('34052', 'Federal Fundraising', 'federal_fundraising', 'tai', 'corp', 3), ('34053', 'Starlit Knight', 'starlit_knight', 'tai', 'corp', 3), ('34054', 'Virtual Service Agent', 'virtual_service_agent', 'tai', 'corp', 3), ('34055', 'Oppo Research', 'oppo_research', 'tai', 'corp', 3), ('34056', 'Your Digital Life', 'your_digital_life', 'tai', 'corp', 3), ('34057', 'Slash and Burn Agriculture', 'slash_and_burn_agriculture', 'tai', 'corp', 3), ('34058', 'Cybersand Harvester', 'cybersand_harvester', 'tai', 'corp', 3), ('34059', 'Tree Line', 'tree_line', 'tai', 'corp', 3), ('34060', 'Valentão', 'valentão', 'tai', 'corp', 3), ('34061', 'Armed Asset Protection', 'armed_asset_protection', 'tai', 'corp', 3), ('34062', 'Pivot', 'pivot', 'tai', 'corp', 3), ('34063', 'Angelique Garza Correa', 'angelique_garza_correa', 'tai', 'corp', 3), ('34064', 'Tucana', 'tucana', 'tai', 'corp', 3), ('34065', 'B-1001', 'b_1001', 'tai', 'corp', 3), ('34066', 'Sebastião Souza Pessoa: Activist Organizer', 'sebastião_souza_pessoa__activist_organizer', 'rwr', 'runner', 1), ('34067', 'Eye for an Eye', 'eye_for_an_eye', 'rwr', 'runner', 3), ('34068', 'Privileged Access', 'privileged_access', 'rwr', 'runner', 3), ('34069', 'Amanuensis', 'amanuensis', 'rwr', 'runner', 3), ('34070', 'The Wizard’s Chest', 'the_wizard_s_chest', 'rwr', 'runner', 3), ('34071', 'Boi-tatá', 'boi_tatá', 'rwr', 'runner', 3), ('34072', 'Heliamphora', 'heliamphora', 'rwr', 'runner', 3), ('34073', 'Arruaceiras Crew', 'arruaceiras_crew', 'rwr', 'runner', 3), ('34074', 'Friend of a Friend', 'friend_of_a_friend', 'rwr', 'runner', 3), ('34075', 'Manuel Lattes de Moura', 'manuel_lattes_de_moura', 'rwr', 'runner', 3), ('34076', 'Meeting of Minds', 'meeting_of_minds', 'rwr', 'runner', 3), ('34077', 'Window of Opportunity', 'window_of_opportunity', 'rwr', 'runner', 3), ('34078', 'Alarm Clock', 'alarm_clock', 'rwr', 'runner', 3), ('34079', 'Jeitinho', 'jeitinho', 'rwr', 'runner', 3), ('34080', 'Cupellation', 'cupellation', 'rwr', 'runner', 3), ('34081', 'Malandragem', 'malandragem', 'rwr', 'runner', 3), ('34082', 'Physarum Entangler', 'physarum_entangler', 'rwr', 'runner', 3), ('34083', 'Amelia Earhart', 'amelia_earhart', 'rwr', 'runner', 3), ('34084', 'Juli Moreira Lee', 'juli_moreira_lee', 'rwr', 'runner', 3), ('34085', 'Burner', 'burner', 'rwr', 'runner', 3), ('34086', 'Spree', 'spree', 'rwr', 'runner', 3), ('34087', 'Trick Shot', 'trick_shot', 'rwr', 'runner', 3), ('34088', 'Cataloguer', 'cataloguer', 'rwr', 'runner', 3), ('34089', 'Coalescence', 'coalescence', 'rwr', 'runner', 3), ('34090', 'Lobisomem', 'lobisomem', 'rwr', 'runner', 3), ('34091', 'Muse', 'muse', 'rwr', 'runner', 3), ('34092', 'Pressure Spike', 'pressure_spike', 'rwr', 'runner', 3), ('34093', '“Pretty” Mary da Silva', '_pretty__mary_da_silva', 'rwr', 'runner', 3), ('34094', 'Ashen Epilogue', 'ashen_epilogue', 'rwr', 'runner', 3), ('34095', 'Valentina Ferreira Carvalho', 'valentina_ferreira_carvalho', 'rwr', 'runner', 3), ('34096', 'Thunderbolt Armaments: Peace Through Power', 'thunderbolt_armaments__peace_through_power', 'rwr', 'corp', 1), ('34097', 'Lightning Laboratory', 'lightning_laboratory', 'rwr', 'corp', 3), ('34098', 'Warm Reception', 'warm_reception', 'rwr', 'corp', 3), ('34099', 'Working Prototype', 'working_prototype', 'rwr', 'corp', 3), ('34100', 'Lycian Multi-Munition', 'lycian_multi_munition', 'rwr', 'corp', 3), ('34101', 'Sorocaban Blade', 'sorocaban_blade', 'rwr', 'corp', 3), ('34102', 'Active Policing', 'active_policing', 'rwr', 'corp', 3), ('34103', 'Corporate Hospitality', 'corporate_hospitality', 'rwr', 'corp', 3), ('34104', 'Brasília Government Grid', 'brasília_government_grid', 'rwr', 'corp', 3), ('34105', 'See How They Run', 'see_how_they_run', 'rwr', 'corp', 3), ('34106', 'Sisyphus Protocol', 'sisyphus_protocol', 'rwr', 'corp', 3), ('34107', 'Charlotte Caçador', 'charlotte_caçador', 'rwr', 'corp', 3), ('34108', 'Cohort Guidance Program', 'cohort_guidance_program', 'rwr', 'corp', 3), ('34109', 'Boto', 'boto', 'rwr', 'corp', 3), ('34110', 'Cloud Eater', 'cloud_eater', 'rwr', 'corp', 3), ('34111', 'Tributary', 'tributary', 'rwr', 'corp', 3), ('34112', 'Bring Them Home', 'bring_them_home', 'rwr', 'corp', 3), ('34113', 'Kingmaking', 'kingmaking', 'rwr', 'corp', 3), ('34114', 'Stoke the Embers', 'stoke_the_embers', 'rwr', 'corp', 3), ('34115', 'Janaína “JK” Dumont Kindelán', 'janaína__jk__dumont_kindelán', 'rwr', 'corp', 3), ('34116', 'Capacitor', 'capacitor', 'rwr', 'corp', 3), ('34117', 'Piranhas', 'piranhas', 'rwr', 'corp', 3), ('34118', 'Seraph', 'seraph', 'rwr', 'corp', 3), ('34119', 'Sudden Commandment', 'sudden_commandment', 'rwr', 'corp', 3), ('34120', 'The Holo Man', 'the_holo_man', 'rwr', 'corp', 3), ('34121', 'Nuvem SA: Law of the Land', 'nuvem_sa__law_of_the_land', 'rwr', 'corp', 1), ('34122', 'Eminent Domain', 'eminent_domain', 'rwr', 'corp', 3), ('34123', 'The Basalt Spire', 'the_basalt_spire', 'rwr', 'corp', 3), ('34124', 'Hearts and Minds', 'hearts_and_minds', 'rwr', 'corp', 3), ('34125', 'Descent', 'descent', 'rwr', 'corp', 3), ('34126', 'Hammer', 'hammer', 'rwr', 'corp', 3), ('34127', 'Logjam', 'logjam', 'rwr', 'corp', 3), ('34128', 'Business As Usual', 'business_as_usual', 'rwr', 'corp', 3), ('34129', 'Isaac Liberdade', 'isaac_liberdade', 'rwr', 'corp', 3), ('34130', 'The Powers That Be', 'the_powers_that_be', 'rwr', 'corp', 3), ('35001', 'Ryō “Phoenix” Ōno: Out of the Ashes', 'ryō__phoenix__ōno__out_of_the_ashes', 'elev', 'runner', 1), ('35002', 'Topan: Ormas Leader', 'topan__ormas_leader', 'elev', 'runner', 1), ('35003', 'Charm Offensive', 'charm_offensive', 'elev', 'runner', 3), ('35004', 'Scrounge', 'scrounge', 'elev', 'runner', 3), ('35005', 'Shred', 'shred', 'elev', 'runner', 3), ('35006', 'Bling', 'bling', 'elev', 'runner', 3), ('35007', 'Gourmand', 'gourmand', 'elev', 'runner', 3), ('35008', 'Hantu', 'hantu', 'elev', 'runner', 3), ('35009', 'Rising Tide', 'rising_tide', 'elev', 'runner', 3), ('35010', 'Cacophony', 'cacophony', 'elev', 'runner', 3), ('35011', 'Rent Rioters', 'rent_rioters', 'elev', 'runner', 3), ('35012', 'Barry “Baz” Wong: Tri-Maf Veteran', 'barry__baz__wong__tri_maf_veteran', 'elev', 'runner', 1), ('35013', 'MuslihaT: Multifarious Marketeer', 'muslihat__multifarious_marketeer', 'elev', 'runner', 1), ('35014', 'Clean Getaway', 'clean_getaway', 'elev', 'runner', 3), ('35015', 'Lie Low', 'lie_low', 'elev', 'runner', 3), ('35016', 'Maintenance Access', 'maintenance_access', 'elev', 'runner', 3), ('35017', 'Transfer of Wealth', 'transfer_of_wealth', 'elev', 'runner', 3), ('35018', 'Detente', 'detente', 'elev', 'runner', 3), ('35019', 'Maglectric Rapid (748 Mod)', 'maglectric_rapid__748_mod_', 'elev', 'runner', 3), ('35020', 'Sang Kancil', 'sang_kancil', 'elev', 'runner', 3), ('35021', 'Fransofia Ward', 'fransofia_ward', 'elev', 'runner', 3), ('35022', 'Open Market', 'open_market', 'elev', 'runner', 3), ('35023', 'Dewi Subrotoputri: Pedagogical Dhalang', 'dewi_subrotoputri__pedagogical_dhalang', 'elev', 'runner', 1), ('35024', 'Magdalene Keino-Chemutai: Cryptarchitect', 'magdalene_keino_chemutai__cryptarchitect', 'elev', 'runner', 1), ('35025', 'Illumination', 'illumination', 'elev', 'runner', 3), ('35026', 'Ritual', 'ritual', 'elev', 'runner', 3), ('35027', 'GAMEDRAGON™ Pro', 'gamedragon__pro', 'elev', 'runner', 3), ('35028', 'Madani', 'madani', 'elev', 'runner', 3), ('35029', 'Azimat', 'azimat', 'elev', 'runner', 3), ('35030', 'Chromatophores', 'chromatophores', 'elev', 'runner', 3), ('35031', 'Devadatta Drone', 'devadatta_drone', 'elev', 'runner', 3), ('35032', 'Principia', 'principia', 'elev', 'runner', 3), ('35033', '“Knickknack” O’Brian', '_knickknack__o_brian', 'elev', 'runner', 3), ('35034', 'Side Hustle', 'side_hustle', 'elev', 'runner', 3), ('35035', 'LEO Construction: Labor Solutions', 'leo_construction__labor_solutions', 'elev', 'corp', 1), ('35036', 'Poétrï Luxury Brands: All the Rage', 'poétrï_luxury_brands__all_the_rage', 'elev', 'corp', 1), ('35037', 'Aggressive Trendsetting', 'aggressive_trendsetting', 'elev', 'corp', 3), ('35038', 'Project Ingatan', 'project_ingatan', 'elev', 'corp', 3), ('35039', 'Humanoid Resources', 'humanoid_resources', 'elev', 'corp', 3), ('35040', 'Otto Campaign', 'otto_campaign', 'elev', 'corp', 3), ('35041', 'Bumi 1.0', 'bumi_1_0', 'elev', 'corp', 3), ('35042', 'Scatter Field', 'scatter_field', 'elev', 'corp', 3), ('35043', 'Nanomanagement', 'nanomanagement', 'elev', 'corp', 3), ('35044', 'Top-Down Solutions', 'top_down_solutions', 'elev', 'corp', 3), ('35045', 'Mercia B4LL4RD', 'mercia_b4ll4rd', 'elev', 'corp', 3), ('35046', 'AU Co.: The Gold Standard in Clones', 'au_co___the_gold_standard_in_clones', 'elev', 'corp', 1), ('35047', 'PT Untaian: Life''s Building Blocks', 'pt_untaian__life_s_building_blocks', 'elev', 'corp', 1), ('35048', 'Proprionegation', 'proprionegation', 'elev', 'corp', 3), ('35049', 'Sericulture Expansion', 'sericulture_expansion', 'elev', 'corp', 3), ('35050', 'Byte!', 'byte_', 'elev', 'corp', 3), ('35051', 'Phật Gioan Baotixita', 'phật_gioan_baotixita', 'elev', 'corp', 3), ('35052', 'Empiricist', 'empiricist', 'elev', 'corp', 3), ('35053', 'Mycoweb', 'mycoweb', 'elev', 'corp', 3), ('35054', 'Semak-samun', 'semak_samun', 'elev', 'corp', 3), ('35055', 'Peer Review', 'peer_review', 'elev', 'corp', 3), ('35056', 'Mitra Aman', 'mitra_aman', 'elev', 'corp', 3), ('35057', 'Nebula Talent Management: Making Stars', 'nebula_talent_management__making_stars', 'elev', 'corp', 1), ('35058', 'Synapse Global: Faster than Thought', 'synapse_global__faster_than_thought', 'elev', 'corp', 1), ('35059', 'Embedded Reporting', 'embedded_reporting', 'elev', 'corp', 3), ('35060', 'Next Big Thing', 'next_big_thing', 'elev', 'corp', 3), ('35061', 'Idiosyncresis', 'idiosyncresis', 'elev', 'corp', 3), ('35062', 'Public Access Plaza', 'public_access_plaza', 'elev', 'corp', 3), ('35063', 'Doomscroll', 'doomscroll', 'elev', 'corp', 3), ('35064', 'N-Pot', 'n_pot', 'elev', 'corp', 3), ('35065', 'Bigger Picture', 'bigger_picture', 'elev', 'corp', 3), ('35066', 'IP Enforcement', 'ip_enforcement', 'elev', 'corp', 3), ('35067', 'Touch-ups', 'touch_ups', 'elev', 'corp', 3), ('35068', 'BANGUN: When Disaster Strikes', 'bangun__when_disaster_strikes', 'elev', 'corp', 1), ('35069', 'The Zwicky Group: Invisible Hands', 'the_zwicky_group__invisible_hands', 'elev', 'corp', 1), ('35070', 'Greenmail', 'greenmail', 'elev', 'corp', 3), ('35071', 'Off the Books', 'off_the_books', 'elev', 'corp', 3), ('35072', 'Anthill Excavation Contract', 'anthill_excavation_contract', 'elev', 'corp', 3), ('35073', 'Plutus', 'plutus', 'elev', 'corp', 3), ('35074', 'Biawak', 'biawak', 'elev', 'corp', 3), ('35075', 'Kessleroid', 'kessleroid', 'elev', 'corp', 3), ('35076', 'Syailendra', 'syailendra', 'elev', 'corp', 3), ('35077', 'Key Performance Indicators', 'key_performance_indicators', 'elev', 'corp', 3), ('35078', 'Measured Response', 'measured_response', 'elev', 'corp', 3), ('35079', 'Flyswatter', 'flyswatter', 'elev', 'corp', 3), ('35080', 'Lamplighter', 'lamplighter', 'elev', 'corp', 3), ('35081', 'Petty Cash', 'petty_cash', 'elev', 'corp', 3), ('35082', 'Mahkota Langit Grid', 'mahkota_langit_grid', 'elev', 'corp', 3), ('36001', 'Chain Reaction', 'chain_reaction', 'vp', 'runner', 3), ('36002', 'Take a Dive', 'take_a_dive', 'vp', 'runner', 3), ('36003', 'The Tungsten Tailor', 'the_tungsten_tailor', 'vp', 'runner', 3), ('36004', 'Corsair', 'corsair', 'vp', 'runner', 3), ('36005', 'Lampades', 'lampades', 'vp', 'runner', 3), ('36006', 'Hackerspace', 'hackerspace', 'vp', 'runner', 3), ('36007', 'Nurse Hạnh', 'nurse_hạnh', 'vp', 'runner', 3), ('36008', 'Stick and Poke', 'stick_and_poke', 'vp', 'runner', 3), ('36009', 'Virtual Intelligence, P.I.: “You Can Call Me Vic”', 'virtual_intelligence__p_i____you_can_call_me_vic_', 'vp', 'runner', 1), ('36010', 'Kompromat', 'kompromat', 'vp', 'runner', 3), ('36011', 'Sell Out', 'sell_out', 'vp', 'runner', 3), ('36012', 'Tailgate', 'tailgate', 'vp', 'runner', 3), ('36013', 'Borrowed Goods', 'borrowed_goods', 'vp', 'runner', 3), ('36014', 'Rotary', 'rotary', 'vp', 'runner', 3), ('36015', 'Baker', 'baker', 'vp', 'runner', 3), ('36016', 'Underdome Irregulars', 'underdome_irregulars', 'vp', 'runner', 3), ('36017', 'Hiram “0mission” Svensson: Shadow of the Past', 'hiram__0mission__svensson__shadow_of_the_past', 'vp', 'runner', 1), ('36018', 'Aircheck', 'aircheck', 'vp', 'runner', 3), ('36019', 'Beta Build', 'beta_build', 'vp', 'runner', 3), ('36020', 'Methuselah', 'methuselah', 'vp', 'runner', 3), ('36021', 'Touchstone', 'touchstone', 'vp', 'runner', 3), ('36022', 'Read-Write Share', 'read_write_share', 'vp', 'runner', 3), ('36023', 'Sipa', 'sipa', 'vp', 'runner', 3), ('36024', 'Stowaway', 'stowaway', 'vp', 'runner', 3), ('36025', 'Word on the Street', 'word_on_the_street', 'vp', 'runner', 3), ('36026', 'Méliès City Luxury Line', 'méliès_city_luxury_line', 'vp', 'corp', 3), ('36027', 'Synchrocyclotron', 'synchrocyclotron', 'vp', 'corp', 3), ('36028', 'Ansel 2.0', 'ansel_2_0', 'vp', 'corp', 3), ('36029', 'Reverb', 'reverb', 'vp', 'corp', 3), ('36030', 'Sleipnir', 'sleipnir', 'vp', 'corp', 3), ('36031', 'Vertigo', 'vertigo', 'vp', 'corp', 3), ('36032', 'Caveat Emptor', 'caveat_emptor', 'vp', 'corp', 3), ('36033', 'realloc()', 'realloc__', 'vp', 'corp', 3), ('36034', 'Retirement Plan', 'retirement_plan', 'vp', 'corp', 3), ('36035', 'Perfect Recall', 'perfect_recall', 'vp', 'corp', 3), ('36036', 'Méliès U: Only the Brightest', 'méliès_u__only_the_brightest', 'vp', 'corp', 1), ('36037', 'Lotus Haze', 'lotus_haze', 'vp', 'corp', 3), ('36038', 'Esca', 'esca', 'vp', 'corp', 3), ('36039', 'ezaM', 'ezam', 'vp', 'corp', 3), ('36040', 'Knowledge Seeker', 'knowledge_seeker', 'vp', 'corp', 3), ('36041', 'Lionsmane', 'lionsmane', 'vp', 'corp', 3), ('36042', 'Vicsek', 'vicsek', 'vp', 'corp', 3), ('36043', 'Cultivate', 'cultivate', 'vp', 'corp', 3), ('36044', 'Unleash', 'unleash', 'vp', 'corp', 3), ('36045', 'The Red Room', 'the_red_room', 'vp', 'corp', 3), ('36046', 'Editorial Division: Ad Nihilum', 'editorial_division__ad_nihilum', 'vp', 'corp', 1), ('36047', 'Witch Hunt', 'witch_hunt', 'vp', 'corp', 3), ('36048', 'Magistrate Revontulet', 'magistrate_revontulet', 'vp', 'corp', 3), ('36049', 'Nihilo Agent', 'nihilo_agent', 'vp', 'corp', 3), ('36050', 'Grubber', 'grubber', 'vp', 'corp', 3), ('36051', 'Lethe', 'lethe', 'vp', 'corp', 3), ('36052', 'Paywall', 'paywall', 'vp', 'corp', 3), ('36053', 'Flood the Market', 'flood_the_market', 'vp', 'corp', 3), ('36054', 'Scapegoat', 'scapegoat', 'vp', 'corp', 3), ('36055', 'Hype Machine', 'hype_machine', 'vp', 'corp', 3), ('36056', 'Sacrifice Zone Expansion', 'sacrifice_zone_expansion', 'vp', 'corp', 3), ('36057', 'Luana Campos', 'luana_campos', 'vp', 'corp', 3), ('36058', 'Event Horizon', 'event_horizon', 'vp', 'corp', 3), ('36059', 'Flywheel', 'flywheel', 'vp', 'corp', 3), ('36060', 'Tocsin', 'tocsin', 'vp', 'corp', 3), ('36061', 'Myōshu', 'myōshu', 'vp', 'corp', 3), ('36062', 'Reanimation Protocol', 'reanimation_protocol', 'vp', 'corp', 3), ('36063', 'Vulture Fund', 'vulture_fund', 'vp', 'corp', 3), ('36064', 'Flagship', 'flagship', 'vp', 'corp', 3), ('36065', 'Shackleton Grid', 'shackleton_grid', 'vp', 'corp', 3), ('36066', 'Let Them Dream', 'let_them_dream', 'vp', 'corp', 3);
INSERT INTO collections (id, name, version, language, added_date, last_updated) VALUES (1, 'ffg-en', '1.0.0', 'en', '2026-03-21T14:49:04.512567484+00:00', NULL), (3, 'nsg-en', '1.0.0', 'en', '2026-03-21T14:49:15.332901404+00:00', NULL), (4, 'extras', '1.0.0', 'en', '2026-03-27T04:00:15.809679148+00:00', NULL);
INSERT INTO printings (id, collection_id, card_code, variant, file_path, part) VALUES (1, 1, '09001', 'original', 'ffg-en/09001-back.jpg', 'back'), (2, 1, '24001', 'original', 'ffg-en/24001-back.jpg', 'back'), (3, 1, '08012', 'original', 'ffg-en/08012-front3.jpg', 'front3'), (4, 1, '08012', 'original', 'ffg-en/08012-front2.jpg', 'front2'), (5, 1, '08012', 'original', 'ffg-en/08012-face4.jpg', 'face4'), (6, 1, '08012', 'original', 'ffg-en/08012-face3.jpg', 'face3'), (7, 1, '08012', 'original', 'ffg-en/08012-face2.jpg', 'face2'), (8, 1, '24001', 'original', 'ffg-en/24001.jpg', 'front'), (9, 1, '23101', 'original', 'ffg-en/23101.jpg', 'front'), (10, 1, '23100', 'original', 'ffg-en/23100.jpg', 'front'), (11, 1, '23054', 'original', 'ffg-en/23054.jpg', 'front'), (12, 1, '23045', 'original', 'ffg-en/23045.jpg', 'front'), (13, 1, '23027', 'original', 'ffg-en/23027.jpg', 'front'), (14, 1, '23013', 'original', 'ffg-en/23013.jpg', 'front'), (15, 1, '23011', 'original', 'ffg-en/23011.jpg', 'front'), (16, 1, '23001', 'original', 'ffg-en/23001.jpg', 'front'), (17, 1, '00013', 'original', 'ffg-en/00013.jpg', 'front'), (18, 1, '00012', 'original', 'ffg-en/00012.jpg', 'front'), (19, 1, '00011', 'original', 'ffg-en/00011.jpg', 'front'), (20, 1, '00010', 'original', 'ffg-en/00010.jpg', 'front'), (21, 1, '00009', 'original', 'ffg-en/00009.jpg', 'front'), (22, 1, '00008', 'original', 'ffg-en/00008.jpg', 'front'), (23, 1, '00007', 'original', 'ffg-en/00007.jpg', 'front'), (24, 1, '00006', 'original', 'ffg-en/00006.jpg', 'front'), (25, 1, '00005', 'original', 'ffg-en/00005.jpg', 'front'), (26, 1, '11030', 'alt1', 'ffg-en/11030_alt1.jpg', 'front'), (27, 1, '11017', 'alt1', 'ffg-en/11017_alt1.jpg', 'front'), (28, 1, '11016', 'alt1', 'ffg-en/11016_alt1.jpg', 'front'), (29, 1, '09026', 'alt1', 'ffg-en/09026_alt1.jpg', 'front'), (30, 1, '08062', 'alt1', 'ffg-en/08062_alt1.jpg', 'front'), (31, 1, '08025', 'alt1', 'ffg-en/08025_alt1.jpg', 'front'), (32, 1, '06073', 'alt1', 'ffg-en/06073_alt1.jpg', 'front'), (33, 1, '06061', 'alt1', 'ffg-en/06061_alt1.jpg', 'front'), (34, 1, '04015', 'alt2', 'ffg-en/04015_alt2.jpg', 'front'), (35, 1, '03053', 'alt1', 'ffg-en/03053_alt1.jpg', 'front'), (36, 1, '03001', 'alt1', 'ffg-en/03001_alt1.jpg', 'front'), (37, 1, '02056', 'alt1', 'ffg-en/02056_alt1.jpg', 'front'), (38, 1, '02051', 'alt1', 'ffg-en/02051_alt1.jpg', 'front'), (39, 1, '02046', 'alt1', 'ffg-en/02046_alt1.jpg', 'front'), (40, 1, '02009', 'alt1', 'ffg-en/02009_alt1.jpg', 'front'), (41, 1, '01111', 'alt1', 'ffg-en/01111_alt1.jpg', 'front'), (42, 1, '01062', 'alt1', 'ffg-en/01062_alt1.jpg', 'front'), (43, 1, '01043', 'alt1', 'ffg-en/01043_alt1.jpg', 'front'), (44, 1, '01026', 'alt1', 'ffg-en/01026_alt1.jpg', 'front'), (45, 1, '01008', 'alt1', 'ffg-en/01008_alt1.jpg', 'front'), (46, 1, '01001', 'alt1', 'ffg-en/01001_alt1.jpg', 'front'), (47, 1, '13057', 'alt1', 'ffg-en/13057_alt1.jpg', 'front'), (48, 1, '13030', 'alt1', 'ffg-en/13030_alt1.jpg', 'front'), (49, 1, '13027', 'alt1', 'ffg-en/13027_alt1.jpg', 'front'), (50, 1, '13022', 'alt1', 'ffg-en/13022_alt1.jpg', 'front'), (51, 1, '13012', 'alt1', 'ffg-en/13012_alt1.jpg', 'front'), (52, 1, '13001', 'alt1', 'ffg-en/13001_alt1.jpg', 'front'), (53, 1, '12111', 'alt1', 'ffg-en/12111_alt1.jpg', 'front'), (54, 1, '12088', 'alt1', 'ffg-en/12088_alt1.jpg', 'front'), (55, 1, '12008', 'alt1', 'ffg-en/12008_alt1.jpg', 'front'), (56, 1, '11117', 'alt1', 'ffg-en/11117_alt1.jpg', 'front'), (57, 1, '11111', 'alt1', 'ffg-en/11111_alt1.jpg', 'front'), (58, 1, '11109', 'alt1', 'ffg-en/11109_alt1.jpg', 'front'), (59, 1, '11104', 'alt1', 'ffg-en/11104_alt1.jpg', 'front'), (60, 1, '11085', 'alt1', 'ffg-en/11085_alt1.jpg', 'front'), (61, 1, '11070', 'alt1', 'ffg-en/11070_alt1.jpg', 'front'), (62, 1, '11066', 'alt1', 'ffg-en/11066_alt1.jpg', 'front'), (63, 1, '11060', 'alt1', 'ffg-en/11060_alt1.jpg', 'front'), (64, 1, '11049', 'alt1', 'ffg-en/11049_alt1.jpg', 'front'), (65, 1, '11042', 'alt1', 'ffg-en/11042_alt1.jpg', 'front'), (66, 1, '11041', 'alt1', 'ffg-en/11041_alt1.jpg', 'front'), (67, 1, '11031', 'alt1', 'ffg-en/11031_alt1.jpg', 'front'), (68, 1, '11026', 'alt1', 'ffg-en/11026_alt1.jpg', 'front'), (69, 1, '11024', 'alt1', 'ffg-en/11024_alt1.jpg', 'front'), (70, 1, '10095', 'alt1', 'ffg-en/10095_alt1.jpg', 'front'), (71, 1, '10092', 'alt1', 'ffg-en/10092_alt1.jpg', 'front'), (72, 1, '10079', 'alt1', 'ffg-en/10079_alt1.jpg', 'front'), (73, 1, '10076', 'alt1', 'ffg-en/10076_alt1.jpg', 'front'), (74, 1, '10074', 'alt1', 'ffg-en/10074_alt1.jpg', 'front'), (75, 1, '10067', 'alt1', 'ffg-en/10067_alt1.jpg', 'front'), (76, 1, '10054', 'alt1', 'ffg-en/10054_alt1.jpg', 'front'), (77, 1, '10053', 'alt1', 'ffg-en/10053_alt1.jpg', 'front'), (78, 1, '10043', 'alt1', 'ffg-en/10043_alt1.jpg', 'front'), (79, 1, '10037', 'alt1', 'ffg-en/10037_alt1.jpg', 'front'), (80, 1, '10009', 'alt1', 'ffg-en/10009_alt1.jpg', 'front'), (81, 1, '09053', 'alt1', 'ffg-en/09053_alt1.jpg', 'front'), (82, 1, '09045', 'alt1', 'ffg-en/09045_alt1.jpg', 'front'), (83, 1, '09035', 'alt1', 'ffg-en/09035_alt1.jpg', 'front'), (84, 1, '09018', 'alt1', 'ffg-en/09018_alt1.jpg', 'front'), (85, 1, '09015', 'alt1', 'ffg-en/09015_alt1.jpg', 'front'), (86, 1, '09013', 'alt1', 'ffg-en/09013_alt1.jpg', 'front'), (87, 1, '08085', 'alt1', 'ffg-en/08085_alt1.jpg', 'front'), (88, 1, '08047', 'alt1', 'ffg-en/08047_alt1.jpg', 'front'), (89, 1, '08001', 'alt1', 'ffg-en/08001_alt1.jpg', 'front'), (90, 1, '07043', 'alt1', 'ffg-en/07043_alt1.jpg', 'front'), (91, 1, '07032', 'alt1', 'ffg-en/07032_alt1.jpg', 'front'), (92, 1, '07027', 'alt1', 'ffg-en/07027_alt1.jpg', 'front'), (93, 1, '06120', 'alt1', 'ffg-en/06120_alt1.jpg', 'front'), (94, 1, '06079', 'alt1', 'ffg-en/06079_alt1.jpg', 'front'), (95, 1, '06066', 'alt1', 'ffg-en/06066_alt1.jpg', 'front'), (96, 1, '05029', 'alt1', 'ffg-en/05029_alt1.jpg', 'front'), (97, 1, '04076', 'alt1', 'ffg-en/04076_alt1.jpg', 'front'), (98, 1, '04041', 'alt1', 'ffg-en/04041_alt1.jpg', 'front'), (99, 1, '04033', 'alt1', 'ffg-en/04033_alt1.jpg', 'front'), (100, 1, '04015', 'alt1', 'ffg-en/04015_alt1.jpg', 'front'), (101, 1, '03054', 'alt1', 'ffg-en/03054_alt1.jpg', 'front'), (102, 1, '03052', 'alt1', 'ffg-en/03052_alt1.jpg', 'front'), (103, 1, '03049', 'alt1', 'ffg-en/03049_alt1.jpg', 'front'), (104, 1, '03048', 'alt1', 'ffg-en/03048_alt1.jpg', 'front'), (105, 1, '03046', 'alt1', 'ffg-en/03046_alt1.jpg', 'front'), (106, 1, '03040', 'alt1', 'ffg-en/03040_alt1.jpg', 'front'), (107, 1, '03037', 'alt1', 'ffg-en/03037_alt1.jpg', 'front'), (108, 1, '03035', 'alt1', 'ffg-en/03035_alt1.jpg', 'front'), (109, 1, '03034', 'alt1', 'ffg-en/03034_alt1.jpg', 'front'), (110, 1, '03026', 'alt1', 'ffg-en/03026_alt1.jpg', 'front'), (111, 1, '02115', 'alt1', 'ffg-en/02115_alt1.jpg', 'front'), (112, 1, '02106', 'alt1', 'ffg-en/02106_alt1.jpg', 'front'), (113, 1, '02101', 'alt1', 'ffg-en/02101_alt1.jpg', 'front'), (114, 1, '02022', 'alt1', 'ffg-en/02022_alt1.jpg', 'front'), (115, 1, '02003', 'alt1', 'ffg-en/02003_alt1.jpg', 'front'), (116, 1, '02001', 'alt1', 'ffg-en/02001_alt1.jpg', 'front'), (117, 1, '01110', 'alt4', 'ffg-en/01110_alt4.jpg', 'front'), (118, 1, '01110', 'alt3', 'ffg-en/01110_alt3.jpg', 'front'), (119, 1, '01109', 'alt2', 'ffg-en/01109_alt2.jpg', 'front'), (120, 1, '01109', 'alt1', 'ffg-en/01109_alt1.jpg', 'front'), (121, 1, '01092', 'alt1', 'ffg-en/01092_alt1.jpg', 'front'), (122, 1, '01090', 'alt2', 'ffg-en/01090_alt2.jpg', 'front'), (123, 1, '01088', 'alt1', 'ffg-en/01088_alt1.jpg', 'front'), (124, 1, '01085', 'alt1', 'ffg-en/01085_alt1.jpg', 'front'), (125, 1, '01084', 'alt1', 'ffg-en/01084_alt1.jpg', 'front'), (126, 1, '01082', 'alt1', 'ffg-en/01082_alt1.jpg', 'front'), (127, 1, '01081', 'alt1', 'ffg-en/01081_alt1.jpg', 'front'), (128, 1, '01070', 'alt1', 'ffg-en/01070_alt1.jpg', 'front'), (129, 1, '01059', 'alt1', 'ffg-en/01059_alt1.jpg', 'front'), (130, 1, '01056', 'alt1', 'ffg-en/01056_alt1.jpg', 'front'), (131, 1, '01050', 'alt1', 'ffg-en/01050_alt1.jpg', 'front'), (132, 1, '01048', 'alt1', 'ffg-en/01048_alt1.jpg', 'front'), (133, 1, '01015', 'alt1', 'ffg-en/01015_alt1.jpg', 'front'), (134, 1, '01014', 'alt1', 'ffg-en/01014_alt1.jpg', 'front'), (135, 1, '01012', 'alt1', 'ffg-en/01012_alt1.jpg', 'front'), (136, 1, '01011', 'alt1', 'ffg-en/01011_alt1.jpg', 'front'), (137, 1, '01010', 'alt1', 'ffg-en/01010_alt1.jpg', 'front'), (138, 1, '01004', 'alt1', 'ffg-en/01004_alt1.jpg', 'front'), (139, 1, '01002', 'alt1', 'ffg-en/01002_alt1.jpg', 'front'), (140, 1, '22058', 'original', 'ffg-en/22058.jpg', 'front'), (141, 1, '22057', 'original', 'ffg-en/22057.jpg', 'front'), (142, 1, '22056', 'original', 'ffg-en/22056.jpg', 'front'), (143, 1, '22055', 'original', 'ffg-en/22055.jpg', 'front'), (144, 1, '22054', 'original', 'ffg-en/22054.jpg', 'front'), (145, 1, '22053', 'original', 'ffg-en/22053.jpg', 'front'), (146, 1, '22052', 'original', 'ffg-en/22052.jpg', 'front'), (147, 1, '22051', 'original', 'ffg-en/22051.jpg', 'front'), (148, 1, '22050', 'original', 'ffg-en/22050.jpg', 'front'), (149, 1, '22049', 'original', 'ffg-en/22049.jpg', 'front'), (150, 1, '22048', 'original', 'ffg-en/22048.jpg', 'front'), (151, 1, '22047', 'original', 'ffg-en/22047.jpg', 'front'), (152, 1, '22046', 'original', 'ffg-en/22046.jpg', 'front'), (153, 1, '22045', 'original', 'ffg-en/22045.jpg', 'front'), (154, 1, '22044', 'original', 'ffg-en/22044.jpg', 'front'), (155, 1, '22043', 'original', 'ffg-en/22043.jpg', 'front'), (156, 1, '22042', 'original', 'ffg-en/22042.jpg', 'front'), (157, 1, '22041', 'original', 'ffg-en/22041.jpg', 'front'), (158, 1, '22040', 'original', 'ffg-en/22040.jpg', 'front'), (159, 1, '22039', 'original', 'ffg-en/22039.jpg', 'front'), (160, 1, '22038', 'original', 'ffg-en/22038.jpg', 'front'), (161, 1, '22037', 'original', 'ffg-en/22037.jpg', 'front'), (162, 1, '22036', 'original', 'ffg-en/22036.jpg', 'front'), (163, 1, '22035', 'original', 'ffg-en/22035.jpg', 'front'), (164, 1, '22034', 'original', 'ffg-en/22034.jpg', 'front'), (165, 1, '22033', 'original', 'ffg-en/22033.jpg', 'front'), (166, 1, '22032', 'original', 'ffg-en/22032.jpg', 'front'), (167, 1, '22031', 'original', 'ffg-en/22031.jpg', 'front'), (168, 1, '22030', 'original', 'ffg-en/22030.jpg', 'front'), (169, 1, '22029', 'original', 'ffg-en/22029.jpg', 'front'), (170, 1, '22028', 'original', 'ffg-en/22028.jpg', 'front'), (171, 1, '22027', 'original', 'ffg-en/22027.jpg', 'front'), (172, 1, '22026', 'original', 'ffg-en/22026.jpg', 'front'), (173, 1, '22025', 'original', 'ffg-en/22025.jpg', 'front'), (174, 1, '22024', 'original', 'ffg-en/22024.jpg', 'front'), (175, 1, '22023', 'original', 'ffg-en/22023.jpg', 'front'), (176, 1, '22022', 'original', 'ffg-en/22022.jpg', 'front'), (177, 1, '22021', 'original', 'ffg-en/22021.jpg', 'front'), (178, 1, '22020', 'original', 'ffg-en/22020.jpg', 'front'), (179, 1, '22019', 'original', 'ffg-en/22019.jpg', 'front'), (180, 1, '22018', 'original', 'ffg-en/22018.jpg', 'front'), (181, 1, '22017', 'original', 'ffg-en/22017.jpg', 'front'), (182, 1, '22016', 'original', 'ffg-en/22016.jpg', 'front'), (183, 1, '22015', 'original', 'ffg-en/22015.jpg', 'front'), (184, 1, '22014', 'original', 'ffg-en/22014.jpg', 'front'), (185, 1, '22013', 'original', 'ffg-en/22013.jpg', 'front'), (186, 1, '22012', 'original', 'ffg-en/22012.jpg', 'front'), (187, 1, '22011', 'original', 'ffg-en/22011.jpg', 'front'), (188, 1, '22010', 'original', 'ffg-en/22010.jpg', 'front'), (189, 1, '22009', 'original', 'ffg-en/22009.jpg', 'front'), (190, 1, '22008', 'original', 'ffg-en/22008.jpg', 'front'), (191, 1, '22007', 'original', 'ffg-en/22007.jpg', 'front'), (192, 1, '22006', 'original', 'ffg-en/22006.jpg', 'front'), (193, 1, '22005', 'original', 'ffg-en/22005.jpg', 'front'), (194, 1, '22004', 'original', 'ffg-en/22004.jpg', 'front'), (195, 1, '22003', 'original', 'ffg-en/22003.jpg', 'front'), (196, 1, '22002', 'original', 'ffg-en/22002.jpg', 'front'), (197, 1, '22001', 'original', 'ffg-en/22001.jpg', 'front'), (198, 1, '21120', 'original', 'ffg-en/21120.jpg', 'front'), (199, 1, '21119', 'original', 'ffg-en/21119.jpg', 'front'), (200, 1, '21118', 'original', 'ffg-en/21118.jpg', 'front'), (201, 1, '21117', 'original', 'ffg-en/21117.jpg', 'front'), (202, 1, '21116', 'original', 'ffg-en/21116.jpg', 'front'), (203, 1, '21115', 'original', 'ffg-en/21115.jpg', 'front'), (204, 1, '21114', 'original', 'ffg-en/21114.jpg', 'front'), (205, 1, '21113', 'original', 'ffg-en/21113.jpg', 'front'), (206, 1, '21112', 'original', 'ffg-en/21112.jpg', 'front'), (207, 1, '21111', 'original', 'ffg-en/21111.jpg', 'front'), (208, 1, '21110', 'original', 'ffg-en/21110.jpg', 'front'), (209, 1, '21109', 'original', 'ffg-en/21109.jpg', 'front'), (210, 1, '21108', 'original', 'ffg-en/21108.jpg', 'front'), (211, 1, '21107', 'original', 'ffg-en/21107.jpg', 'front'), (212, 1, '21106', 'original', 'ffg-en/21106.jpg', 'front'), (213, 1, '21105', 'original', 'ffg-en/21105.jpg', 'front'), (214, 1, '21104', 'original', 'ffg-en/21104.jpg', 'front'), (215, 1, '21103', 'original', 'ffg-en/21103.jpg', 'front'), (216, 1, '21102', 'original', 'ffg-en/21102.jpg', 'front'), (217, 1, '21101', 'original', 'ffg-en/21101.jpg', 'front'), (218, 1, '21100', 'original', 'ffg-en/21100.jpg', 'front'), (219, 1, '21099', 'original', 'ffg-en/21099.jpg', 'front'), (220, 1, '21098', 'original', 'ffg-en/21098.jpg', 'front'), (221, 1, '21097', 'original', 'ffg-en/21097.jpg', 'front'), (222, 1, '21096', 'original', 'ffg-en/21096.jpg', 'front'), (223, 1, '21095', 'original', 'ffg-en/21095.jpg', 'front'), (224, 1, '21094', 'original', 'ffg-en/21094.jpg', 'front'), (225, 1, '21093', 'original', 'ffg-en/21093.jpg', 'front'), (226, 1, '21092', 'original', 'ffg-en/21092.jpg', 'front'), (227, 1, '21091', 'original', 'ffg-en/21091.jpg', 'front'), (228, 1, '21090', 'original', 'ffg-en/21090.jpg', 'front'), (229, 1, '21089', 'original', 'ffg-en/21089.jpg', 'front'), (230, 1, '21088', 'original', 'ffg-en/21088.jpg', 'front'), (231, 1, '21087', 'original', 'ffg-en/21087.jpg', 'front'), (232, 1, '21086', 'original', 'ffg-en/21086.jpg', 'front'), (233, 1, '21085', 'original', 'ffg-en/21085.jpg', 'front'), (234, 1, '21084', 'original', 'ffg-en/21084.jpg', 'front'), (235, 1, '21083', 'original', 'ffg-en/21083.jpg', 'front'), (236, 1, '21082', 'original', 'ffg-en/21082.jpg', 'front'), (237, 1, '21081', 'original', 'ffg-en/21081.jpg', 'front'), (238, 1, '21080', 'original', 'ffg-en/21080.jpg', 'front'), (239, 1, '21079', 'original', 'ffg-en/21079.jpg', 'front'), (240, 1, '21078', 'original', 'ffg-en/21078.jpg', 'front'), (241, 1, '21077', 'original', 'ffg-en/21077.jpg', 'front'), (242, 1, '21076', 'original', 'ffg-en/21076.jpg', 'front'), (243, 1, '21075', 'original', 'ffg-en/21075.jpg', 'front'), (244, 1, '21074', 'original', 'ffg-en/21074.jpg', 'front'), (245, 1, '21073', 'original', 'ffg-en/21073.jpg', 'front'), (246, 1, '21072', 'original', 'ffg-en/21072.jpg', 'front'), (247, 1, '21071', 'original', 'ffg-en/21071.jpg', 'front'), (248, 1, '21070', 'original', 'ffg-en/21070.jpg', 'front'), (249, 1, '21069', 'original', 'ffg-en/21069.jpg', 'front'), (250, 1, '21068', 'original', 'ffg-en/21068.jpg', 'front'), (251, 1, '21067', 'original', 'ffg-en/21067.jpg', 'front'), (252, 1, '21066', 'original', 'ffg-en/21066.jpg', 'front'), (253, 1, '21065', 'original', 'ffg-en/21065.jpg', 'front'), (254, 1, '21064', 'original', 'ffg-en/21064.jpg', 'front'), (255, 1, '21063', 'original', 'ffg-en/21063.jpg', 'front'), (256, 1, '21062', 'original', 'ffg-en/21062.jpg', 'front'), (257, 1, '21061', 'original', 'ffg-en/21061.jpg', 'front'), (258, 1, '21060', 'original', 'ffg-en/21060.jpg', 'front'), (259, 1, '21059', 'original', 'ffg-en/21059.jpg', 'front'), (260, 1, '21058', 'original', 'ffg-en/21058.jpg', 'front'), (261, 1, '21057', 'original', 'ffg-en/21057.jpg', 'front'), (262, 1, '21056', 'original', 'ffg-en/21056.jpg', 'front'), (263, 1, '21055', 'original', 'ffg-en/21055.jpg', 'front'), (264, 1, '21054', 'original', 'ffg-en/21054.jpg', 'front'), (265, 1, '21053', 'original', 'ffg-en/21053.jpg', 'front'), (266, 1, '21052', 'original', 'ffg-en/21052.jpg', 'front'), (267, 1, '21051', 'original', 'ffg-en/21051.jpg', 'front'), (268, 1, '21050', 'original', 'ffg-en/21050.jpg', 'front'), (269, 1, '21049', 'original', 'ffg-en/21049.jpg', 'front'), (270, 1, '21048', 'original', 'ffg-en/21048.jpg', 'front'), (271, 1, '21047', 'original', 'ffg-en/21047.jpg', 'front'), (272, 1, '21046', 'original', 'ffg-en/21046.jpg', 'front'), (273, 1, '21045', 'original', 'ffg-en/21045.jpg', 'front'), (274, 1, '21044', 'original', 'ffg-en/21044.jpg', 'front'), (275, 1, '21043', 'original', 'ffg-en/21043.jpg', 'front'), (276, 1, '21042', 'original', 'ffg-en/21042.jpg', 'front'), (277, 1, '21041', 'original', 'ffg-en/21041.jpg', 'front'), (278, 1, '21040', 'original', 'ffg-en/21040.jpg', 'front'), (279, 1, '21039', 'original', 'ffg-en/21039.jpg', 'front'), (280, 1, '21038', 'original', 'ffg-en/21038.jpg', 'front'), (281, 1, '21037', 'original', 'ffg-en/21037.jpg', 'front'), (282, 1, '21036', 'original', 'ffg-en/21036.jpg', 'front'), (283, 1, '21035', 'original', 'ffg-en/21035.jpg', 'front'), (284, 1, '21034', 'original', 'ffg-en/21034.jpg', 'front'), (285, 1, '21033', 'original', 'ffg-en/21033.jpg', 'front'), (286, 1, '21032', 'original', 'ffg-en/21032.jpg', 'front'), (287, 1, '21031', 'original', 'ffg-en/21031.jpg', 'front'), (288, 1, '21030', 'original', 'ffg-en/21030.jpg', 'front'), (289, 1, '21029', 'original', 'ffg-en/21029.jpg', 'front'), (290, 1, '21028', 'original', 'ffg-en/21028.jpg', 'front'), (291, 1, '21027', 'original', 'ffg-en/21027.jpg', 'front'), (292, 1, '21026', 'original', 'ffg-en/21026.jpg', 'front'), (293, 1, '21025', 'original', 'ffg-en/21025.jpg', 'front'), (294, 1, '21024', 'original', 'ffg-en/21024.jpg', 'front'), (295, 1, '21023', 'original', 'ffg-en/21023.jpg', 'front'), (296, 1, '21022', 'original', 'ffg-en/21022.jpg', 'front'), (297, 1, '21021', 'original', 'ffg-en/21021.jpg', 'front'), (298, 1, '21020', 'original', 'ffg-en/21020.jpg', 'front'), (299, 1, '21019', 'original', 'ffg-en/21019.jpg', 'front'), (300, 1, '21018', 'original', 'ffg-en/21018.jpg', 'front'), (301, 1, '21017', 'original', 'ffg-en/21017.jpg', 'front'), (302, 1, '21016', 'original', 'ffg-en/21016.jpg', 'front'), (303, 1, '21015', 'original', 'ffg-en/21015.jpg', 'front'), (304, 1, '21014', 'original', 'ffg-en/21014.jpg', 'front'), (305, 1, '21013', 'original', 'ffg-en/21013.jpg', 'front'), (306, 1, '21012', 'original', 'ffg-en/21012.jpg', 'front'), (307, 1, '21011', 'original', 'ffg-en/21011.jpg', 'front'), (308, 1, '21010', 'original', 'ffg-en/21010.jpg', 'front'), (309, 1, '21009', 'original', 'ffg-en/21009.jpg', 'front'), (310, 1, '21008', 'original', 'ffg-en/21008.jpg', 'front'), (311, 1, '21007', 'original', 'ffg-en/21007.jpg', 'front'), (312, 1, '21006', 'original', 'ffg-en/21006.jpg', 'front'), (313, 1, '21005', 'original', 'ffg-en/21005.jpg', 'front'), (314, 1, '21004', 'original', 'ffg-en/21004.jpg', 'front'), (315, 1, '21003', 'original', 'ffg-en/21003.jpg', 'front'), (316, 1, '21002', 'original', 'ffg-en/21002.jpg', 'front'), (317, 1, '21001', 'original', 'ffg-en/21001.jpg', 'front'), (318, 1, '20132', 'original', 'ffg-en/20132.jpg', 'front'), (319, 1, '20131', 'original', 'ffg-en/20131.jpg', 'front'), (320, 1, '20130', 'original', 'ffg-en/20130.jpg', 'front'), (321, 1, '20129', 'original', 'ffg-en/20129.jpg', 'front'), (322, 1, '20128', 'original', 'ffg-en/20128.jpg', 'front'), (323, 1, '20127', 'original', 'ffg-en/20127.jpg', 'front'), (324, 1, '20126', 'original', 'ffg-en/20126.jpg', 'front'), (325, 1, '20125', 'original', 'ffg-en/20125.jpg', 'front'), (326, 1, '20122', 'original', 'ffg-en/20122.jpg', 'front'), (327, 1, '20121', 'original', 'ffg-en/20121.jpg', 'front'), (328, 1, '20120', 'original', 'ffg-en/20120.jpg', 'front'), (329, 1, '20119', 'original', 'ffg-en/20119.jpg', 'front'), (330, 1, '20118', 'original', 'ffg-en/20118.jpg', 'front'), (331, 1, '20116', 'original', 'ffg-en/20116.jpg', 'front'), (332, 1, '20113', 'original', 'ffg-en/20113.jpg', 'front'), (333, 1, '20112', 'original', 'ffg-en/20112.jpg', 'front'), (334, 1, '20109', 'original', 'ffg-en/20109.jpg', 'front'), (335, 1, '20106', 'original', 'ffg-en/20106.jpg', 'front'), (336, 1, '20102', 'original', 'ffg-en/20102.jpg', 'front'), (337, 1, '20100', 'original', 'ffg-en/20100.jpg', 'front'), (338, 1, '20098', 'original', 'ffg-en/20098.jpg', 'front'), (339, 1, '20096', 'original', 'ffg-en/20096.jpg', 'front'), (340, 1, '20095', 'original', 'ffg-en/20095.jpg', 'front'), (341, 1, '20094', 'original', 'ffg-en/20094.jpg', 'front'), (342, 1, '20093', 'original', 'ffg-en/20093.jpg', 'front'), (343, 1, '20092', 'original', 'ffg-en/20092.jpg', 'front'), (344, 1, '20090', 'original', 'ffg-en/20090.jpg', 'front'), (345, 1, '20089', 'original', 'ffg-en/20089.jpg', 'front'), (346, 1, '20088', 'original', 'ffg-en/20088.jpg', 'front'), (347, 1, '20086', 'original', 'ffg-en/20086.jpg', 'front'), (348, 1, '20084', 'original', 'ffg-en/20084.jpg', 'front'), (349, 1, '20079', 'original', 'ffg-en/20079.jpg', 'front'), (350, 1, '20078', 'original', 'ffg-en/20078.jpg', 'front'), (351, 1, '20077', 'original', 'ffg-en/20077.jpg', 'front'), (352, 1, '20075', 'original', 'ffg-en/20075.jpg', 'front'), (353, 1, '20074', 'original', 'ffg-en/20074.jpg', 'front'), (354, 1, '20072', 'original', 'ffg-en/20072.jpg', 'front'), (355, 1, '20070', 'original', 'ffg-en/20070.jpg', 'front'), (356, 1, '20069', 'original', 'ffg-en/20069.jpg', 'front'), (357, 1, '20068', 'original', 'ffg-en/20068.jpg', 'front'), (358, 1, '20066', 'original', 'ffg-en/20066.jpg', 'front'), (359, 1, '20065', 'original', 'ffg-en/20065.jpg', 'front'), (360, 1, '20064', 'original', 'ffg-en/20064.jpg', 'front'), (361, 1, '20061', 'original', 'ffg-en/20061.jpg', 'front'), (362, 1, '20060', 'original', 'ffg-en/20060.jpg', 'front'), (363, 1, '20059', 'original', 'ffg-en/20059.jpg', 'front'), (364, 1, '20058', 'original', 'ffg-en/20058.jpg', 'front'), (365, 1, '20055', 'original', 'ffg-en/20055.jpg', 'front'), (366, 1, '20054', 'original', 'ffg-en/20054.jpg', 'front'), (367, 1, '20053', 'original', 'ffg-en/20053.jpg', 'front'), (368, 1, '20052', 'original', 'ffg-en/20052.jpg', 'front'), (369, 1, '20051', 'original', 'ffg-en/20051.jpg', 'front'), (370, 1, '20050', 'original', 'ffg-en/20050.jpg', 'front'), (371, 1, '20049', 'original', 'ffg-en/20049.jpg', 'front'), (372, 1, '20048', 'original', 'ffg-en/20048.jpg', 'front'), (373, 1, '20047', 'original', 'ffg-en/20047.jpg', 'front'), (374, 1, '20046', 'original', 'ffg-en/20046.jpg', 'front'), (375, 1, '20044', 'original', 'ffg-en/20044.jpg', 'front'), (376, 1, '20043', 'original', 'ffg-en/20043.jpg', 'front'), (377, 1, '20042', 'original', 'ffg-en/20042.jpg', 'front'), (378, 1, '20040', 'original', 'ffg-en/20040.jpg', 'front'), (379, 1, '20038', 'original', 'ffg-en/20038.jpg', 'front'), (380, 1, '20037', 'original', 'ffg-en/20037.jpg', 'front'), (381, 1, '20034', 'original', 'ffg-en/20034.jpg', 'front'), (382, 1, '20033', 'original', 'ffg-en/20033.jpg', 'front'), (383, 1, '20032', 'original', 'ffg-en/20032.jpg', 'front'), (384, 1, '20029', 'original', 'ffg-en/20029.jpg', 'front'), (385, 1, '20027', 'original', 'ffg-en/20027.jpg', 'front'), (386, 1, '20024', 'original', 'ffg-en/20024.jpg', 'front'), (387, 1, '20023', 'original', 'ffg-en/20023.jpg', 'front'), (388, 1, '20022', 'original', 'ffg-en/20022.jpg', 'front'), (389, 1, '20020', 'original', 'ffg-en/20020.jpg', 'front'), (390, 1, '20019', 'original', 'ffg-en/20019.jpg', 'front'), (391, 1, '20017', 'original', 'ffg-en/20017.jpg', 'front'), (392, 1, '20015', 'original', 'ffg-en/20015.jpg', 'front'), (393, 1, '20013', 'original', 'ffg-en/20013.jpg', 'front'), (394, 1, '20010', 'original', 'ffg-en/20010.jpg', 'front'), (395, 1, '20009', 'original', 'ffg-en/20009.jpg', 'front'), (396, 1, '20006', 'original', 'ffg-en/20006.jpg', 'front'), (397, 1, '20005', 'original', 'ffg-en/20005.jpg', 'front'), (398, 1, '20001', 'original', 'ffg-en/20001.jpg', 'front'), (399, 1, '13057', 'original', 'ffg-en/13057.jpg', 'front'), (400, 1, '13056', 'original', 'ffg-en/13056.jpg', 'front'), (401, 1, '13055', 'original', 'ffg-en/13055.jpg', 'front'), (402, 1, '13054', 'original', 'ffg-en/13054.jpg', 'front'), (403, 1, '13053', 'original', 'ffg-en/13053.jpg', 'front'), (404, 1, '13052', 'original', 'ffg-en/13052.jpg', 'front'), (405, 1, '13051', 'original', 'ffg-en/13051.jpg', 'front'), (406, 1, '13050', 'original', 'ffg-en/13050.jpg', 'front'), (407, 1, '13049', 'original', 'ffg-en/13049.jpg', 'front'), (408, 1, '13048', 'original', 'ffg-en/13048.jpg', 'front'), (409, 1, '13047', 'original', 'ffg-en/13047.jpg', 'front'), (410, 1, '13046', 'original', 'ffg-en/13046.jpg', 'front'), (411, 1, '13045', 'original', 'ffg-en/13045.jpg', 'front'), (412, 1, '13044', 'original', 'ffg-en/13044.jpg', 'front'), (413, 1, '13043', 'original', 'ffg-en/13043.jpg', 'front'), (414, 1, '13042', 'original', 'ffg-en/13042.jpg', 'front'), (415, 1, '13041', 'original', 'ffg-en/13041.jpg', 'front'), (416, 1, '13040', 'original', 'ffg-en/13040.jpg', 'front'), (417, 1, '13039', 'original', 'ffg-en/13039.jpg', 'front'), (418, 1, '13038', 'original', 'ffg-en/13038.jpg', 'front'), (419, 1, '13037', 'original', 'ffg-en/13037.jpg', 'front'), (420, 1, '13036', 'original', 'ffg-en/13036.jpg', 'front'), (421, 1, '13035', 'original', 'ffg-en/13035.jpg', 'front'), (422, 1, '13034', 'original', 'ffg-en/13034.jpg', 'front'), (423, 1, '13033', 'original', 'ffg-en/13033.jpg', 'front'), (424, 1, '13032', 'original', 'ffg-en/13032.jpg', 'front'), (425, 1, '13031', 'original', 'ffg-en/13031.jpg', 'front'), (426, 1, '13030', 'original', 'ffg-en/13030.jpg', 'front'), (427, 1, '13029', 'original', 'ffg-en/13029.jpg', 'front'), (428, 1, '13028', 'original', 'ffg-en/13028.jpg', 'front'), (429, 1, '13027', 'original', 'ffg-en/13027.jpg', 'front'), (430, 1, '13026', 'original', 'ffg-en/13026.jpg', 'front'), (431, 1, '13025', 'original', 'ffg-en/13025.jpg', 'front'), (432, 1, '13024', 'original', 'ffg-en/13024.jpg', 'front'), (433, 1, '13023', 'original', 'ffg-en/13023.jpg', 'front'), (434, 1, '13022', 'original', 'ffg-en/13022.jpg', 'front'), (435, 1, '13021', 'original', 'ffg-en/13021.jpg', 'front'), (436, 1, '13020', 'original', 'ffg-en/13020.jpg', 'front'), (437, 1, '13019', 'original', 'ffg-en/13019.jpg', 'front'), (438, 1, '13018', 'original', 'ffg-en/13018.jpg', 'front'), (439, 1, '13017', 'original', 'ffg-en/13017.jpg', 'front'), (440, 1, '13016', 'original', 'ffg-en/13016.jpg', 'front'), (441, 1, '13015', 'original', 'ffg-en/13015.jpg', 'front'), (442, 1, '13014', 'original', 'ffg-en/13014.jpg', 'front'), (443, 1, '13013', 'original', 'ffg-en/13013.jpg', 'front'), (444, 1, '13012', 'original', 'ffg-en/13012.jpg', 'front'), (445, 1, '13011', 'original', 'ffg-en/13011.jpg', 'front'), (446, 1, '13010', 'original', 'ffg-en/13010.jpg', 'front'), (447, 1, '13009', 'original', 'ffg-en/13009.jpg', 'front'), (448, 1, '13008', 'original', 'ffg-en/13008.jpg', 'front'), (449, 1, '13007', 'original', 'ffg-en/13007.jpg', 'front'), (450, 1, '13006', 'original', 'ffg-en/13006.jpg', 'front'), (451, 1, '13005', 'original', 'ffg-en/13005.jpg', 'front'), (452, 1, '13004', 'original', 'ffg-en/13004.jpg', 'front'), (453, 1, '13003', 'original', 'ffg-en/13003.jpg', 'front'), (454, 1, '13002', 'original', 'ffg-en/13002.jpg', 'front'), (455, 1, '13001', 'original', 'ffg-en/13001.jpg', 'front'), (456, 1, '12120', 'original', 'ffg-en/12120.jpg', 'front'), (457, 1, '12119', 'original', 'ffg-en/12119.jpg', 'front'), (458, 1, '12118', 'original', 'ffg-en/12118.jpg', 'front'), (459, 1, '12117', 'original', 'ffg-en/12117.jpg', 'front'), (460, 1, '12116', 'original', 'ffg-en/12116.jpg', 'front'), (461, 1, '12115', 'original', 'ffg-en/12115.jpg', 'front'), (462, 1, '12114', 'original', 'ffg-en/12114.jpg', 'front'), (463, 1, '12113', 'original', 'ffg-en/12113.jpg', 'front'), (464, 1, '12112', 'original', 'ffg-en/12112.jpg', 'front'), (465, 1, '12111', 'original', 'ffg-en/12111.jpg', 'front'), (466, 1, '12110', 'original', 'ffg-en/12110.jpg', 'front'), (467, 1, '12109', 'original', 'ffg-en/12109.jpg', 'front'), (468, 1, '12108', 'original', 'ffg-en/12108.jpg', 'front'), (469, 1, '12107', 'original', 'ffg-en/12107.jpg', 'front'), (470, 1, '12106', 'original', 'ffg-en/12106.jpg', 'front'), (471, 1, '12105', 'original', 'ffg-en/12105.jpg', 'front'), (472, 1, '12104', 'original', 'ffg-en/12104.jpg', 'front'), (473, 1, '12103', 'original', 'ffg-en/12103.jpg', 'front'), (474, 1, '12102', 'original', 'ffg-en/12102.jpg', 'front'), (475, 1, '12101', 'original', 'ffg-en/12101.jpg', 'front'), (476, 1, '12100', 'original', 'ffg-en/12100.jpg', 'front'), (477, 1, '12099', 'original', 'ffg-en/12099.jpg', 'front'), (478, 1, '12098', 'original', 'ffg-en/12098.jpg', 'front'), (479, 1, '12097', 'original', 'ffg-en/12097.jpg', 'front'), (480, 1, '12096', 'original', 'ffg-en/12096.jpg', 'front'), (481, 1, '12095', 'original', 'ffg-en/12095.jpg', 'front'), (482, 1, '12094', 'original', 'ffg-en/12094.jpg', 'front'), (483, 1, '12093', 'original', 'ffg-en/12093.jpg', 'front'), (484, 1, '12092', 'original', 'ffg-en/12092.jpg', 'front'), (485, 1, '12091', 'original', 'ffg-en/12091.jpg', 'front'), (486, 1, '12090', 'original', 'ffg-en/12090.jpg', 'front'), (487, 1, '12089', 'original', 'ffg-en/12089.jpg', 'front'), (488, 1, '12088', 'original', 'ffg-en/12088.jpg', 'front'), (489, 1, '12087', 'original', 'ffg-en/12087.jpg', 'front'), (490, 1, '12086', 'original', 'ffg-en/12086.jpg', 'front'), (491, 1, '12085', 'original', 'ffg-en/12085.jpg', 'front'), (492, 1, '12084', 'original', 'ffg-en/12084.jpg', 'front'), (493, 1, '12083', 'original', 'ffg-en/12083.jpg', 'front'), (494, 1, '12082', 'original', 'ffg-en/12082.jpg', 'front'), (495, 1, '12081', 'original', 'ffg-en/12081.jpg', 'front'), (496, 1, '12080', 'original', 'ffg-en/12080.jpg', 'front'), (497, 1, '12079', 'original', 'ffg-en/12079.jpg', 'front'), (498, 1, '12078', 'original', 'ffg-en/12078.jpg', 'front'), (499, 1, '12077', 'original', 'ffg-en/12077.jpg', 'front'), (500, 1, '12076', 'original', 'ffg-en/12076.jpg', 'front');
INSERT INTO printings (id, collection_id, card_code, variant, file_path, part) VALUES (501, 1, '12075', 'original', 'ffg-en/12075.jpg', 'front'), (502, 1, '12074', 'original', 'ffg-en/12074.jpg', 'front'), (503, 1, '12073', 'original', 'ffg-en/12073.jpg', 'front'), (504, 1, '12072', 'original', 'ffg-en/12072.jpg', 'front'), (505, 1, '12071', 'original', 'ffg-en/12071.jpg', 'front'), (506, 1, '12070', 'original', 'ffg-en/12070.jpg', 'front'), (507, 1, '12069', 'original', 'ffg-en/12069.jpg', 'front'), (508, 1, '12068', 'original', 'ffg-en/12068.jpg', 'front'), (509, 1, '12067', 'original', 'ffg-en/12067.jpg', 'front'), (510, 1, '12066', 'original', 'ffg-en/12066.jpg', 'front'), (511, 1, '12065', 'original', 'ffg-en/12065.jpg', 'front'), (512, 1, '12064', 'original', 'ffg-en/12064.jpg', 'front'), (513, 1, '12063', 'original', 'ffg-en/12063.jpg', 'front'), (514, 1, '12062', 'original', 'ffg-en/12062.jpg', 'front'), (515, 1, '12061', 'original', 'ffg-en/12061.jpg', 'front'), (516, 1, '12060', 'original', 'ffg-en/12060.jpg', 'front'), (517, 1, '12059', 'original', 'ffg-en/12059.jpg', 'front'), (518, 1, '12058', 'original', 'ffg-en/12058.jpg', 'front'), (519, 1, '12057', 'original', 'ffg-en/12057.jpg', 'front'), (520, 1, '12056', 'original', 'ffg-en/12056.jpg', 'front'), (521, 1, '12055', 'original', 'ffg-en/12055.jpg', 'front'), (522, 1, '12054', 'original', 'ffg-en/12054.jpg', 'front'), (523, 1, '12053', 'original', 'ffg-en/12053.jpg', 'front'), (524, 1, '12052', 'original', 'ffg-en/12052.jpg', 'front'), (525, 1, '12051', 'original', 'ffg-en/12051.jpg', 'front'), (526, 1, '12050', 'original', 'ffg-en/12050.jpg', 'front'), (527, 1, '12049', 'original', 'ffg-en/12049.jpg', 'front'), (528, 1, '12048', 'original', 'ffg-en/12048.jpg', 'front'), (529, 1, '12047', 'original', 'ffg-en/12047.jpg', 'front'), (530, 1, '12046', 'original', 'ffg-en/12046.jpg', 'front'), (531, 1, '12045', 'original', 'ffg-en/12045.jpg', 'front'), (532, 1, '12044', 'original', 'ffg-en/12044.jpg', 'front'), (533, 1, '12043', 'original', 'ffg-en/12043.jpg', 'front'), (534, 1, '12042', 'original', 'ffg-en/12042.jpg', 'front'), (535, 1, '12041', 'original', 'ffg-en/12041.jpg', 'front'), (536, 1, '12040', 'original', 'ffg-en/12040.jpg', 'front'), (537, 1, '12039', 'original', 'ffg-en/12039.jpg', 'front'), (538, 1, '12038', 'original', 'ffg-en/12038.jpg', 'front'), (539, 1, '12037', 'original', 'ffg-en/12037.jpg', 'front'), (540, 1, '12036', 'original', 'ffg-en/12036.jpg', 'front'), (541, 1, '12035', 'original', 'ffg-en/12035.jpg', 'front'), (542, 1, '12034', 'original', 'ffg-en/12034.jpg', 'front'), (543, 1, '12033', 'original', 'ffg-en/12033.jpg', 'front'), (544, 1, '12032', 'original', 'ffg-en/12032.jpg', 'front'), (545, 1, '12031', 'original', 'ffg-en/12031.jpg', 'front'), (546, 1, '12030', 'original', 'ffg-en/12030.jpg', 'front'), (547, 1, '12029', 'original', 'ffg-en/12029.jpg', 'front'), (548, 1, '12028', 'original', 'ffg-en/12028.jpg', 'front'), (549, 1, '12027', 'original', 'ffg-en/12027.jpg', 'front'), (550, 1, '12026', 'original', 'ffg-en/12026.jpg', 'front'), (551, 1, '12025', 'original', 'ffg-en/12025.jpg', 'front'), (552, 1, '12024', 'original', 'ffg-en/12024.jpg', 'front'), (553, 1, '12023', 'original', 'ffg-en/12023.jpg', 'front'), (554, 1, '12022', 'original', 'ffg-en/12022.jpg', 'front'), (555, 1, '12021', 'original', 'ffg-en/12021.jpg', 'front'), (556, 1, '12020', 'original', 'ffg-en/12020.jpg', 'front'), (557, 1, '12019', 'original', 'ffg-en/12019.jpg', 'front'), (558, 1, '12018', 'original', 'ffg-en/12018.jpg', 'front'), (559, 1, '12017', 'original', 'ffg-en/12017.jpg', 'front'), (560, 1, '12016', 'original', 'ffg-en/12016.jpg', 'front'), (561, 1, '12015', 'original', 'ffg-en/12015.jpg', 'front'), (562, 1, '12014', 'original', 'ffg-en/12014.jpg', 'front'), (563, 1, '12013', 'original', 'ffg-en/12013.jpg', 'front'), (564, 1, '12012', 'original', 'ffg-en/12012.jpg', 'front'), (565, 1, '12011', 'original', 'ffg-en/12011.jpg', 'front'), (566, 1, '12010', 'original', 'ffg-en/12010.jpg', 'front'), (567, 1, '12009', 'original', 'ffg-en/12009.jpg', 'front'), (568, 1, '12008', 'original', 'ffg-en/12008.jpg', 'front'), (569, 1, '12007', 'original', 'ffg-en/12007.jpg', 'front'), (570, 1, '12006', 'original', 'ffg-en/12006.jpg', 'front'), (571, 1, '12005', 'original', 'ffg-en/12005.jpg', 'front'), (572, 1, '12004', 'original', 'ffg-en/12004.jpg', 'front'), (573, 1, '12003', 'original', 'ffg-en/12003.jpg', 'front'), (574, 1, '12002', 'original', 'ffg-en/12002.jpg', 'front'), (575, 1, '12001', 'original', 'ffg-en/12001.jpg', 'front'), (576, 1, '11120', 'original', 'ffg-en/11120.jpg', 'front'), (577, 1, '11119', 'original', 'ffg-en/11119.jpg', 'front'), (578, 1, '11118', 'original', 'ffg-en/11118.jpg', 'front'), (579, 1, '11117', 'original', 'ffg-en/11117.jpg', 'front'), (580, 1, '11116', 'original', 'ffg-en/11116.jpg', 'front'), (581, 1, '11115', 'original', 'ffg-en/11115.jpg', 'front'), (582, 1, '11114', 'original', 'ffg-en/11114.jpg', 'front'), (583, 1, '11113', 'original', 'ffg-en/11113.jpg', 'front'), (584, 1, '11112', 'original', 'ffg-en/11112.jpg', 'front'), (585, 1, '11111', 'original', 'ffg-en/11111.jpg', 'front'), (586, 1, '11110', 'original', 'ffg-en/11110.jpg', 'front'), (587, 1, '11109', 'original', 'ffg-en/11109.jpg', 'front'), (588, 1, '11108', 'original', 'ffg-en/11108.jpg', 'front'), (589, 1, '11107', 'original', 'ffg-en/11107.jpg', 'front'), (590, 1, '11106', 'original', 'ffg-en/11106.jpg', 'front'), (591, 1, '11105', 'original', 'ffg-en/11105.jpg', 'front'), (592, 1, '11104', 'original', 'ffg-en/11104.jpg', 'front'), (593, 1, '11103', 'original', 'ffg-en/11103.jpg', 'front'), (594, 1, '11102', 'original', 'ffg-en/11102.jpg', 'front'), (595, 1, '11101', 'original', 'ffg-en/11101.jpg', 'front'), (596, 1, '11100', 'original', 'ffg-en/11100.jpg', 'front'), (597, 1, '11099', 'original', 'ffg-en/11099.jpg', 'front'), (598, 1, '11098', 'original', 'ffg-en/11098.jpg', 'front'), (599, 1, '11097', 'original', 'ffg-en/11097.jpg', 'front'), (600, 1, '11096', 'original', 'ffg-en/11096.jpg', 'front'), (601, 1, '11095', 'original', 'ffg-en/11095.jpg', 'front'), (602, 1, '11094', 'original', 'ffg-en/11094.jpg', 'front'), (603, 1, '11093', 'original', 'ffg-en/11093.jpg', 'front'), (604, 1, '11092', 'original', 'ffg-en/11092.jpg', 'front'), (605, 1, '11091', 'original', 'ffg-en/11091.jpg', 'front'), (606, 1, '11090', 'original', 'ffg-en/11090.jpg', 'front'), (607, 1, '11089', 'original', 'ffg-en/11089.jpg', 'front'), (608, 1, '11088', 'original', 'ffg-en/11088.jpg', 'front'), (609, 1, '11087', 'original', 'ffg-en/11087.jpg', 'front'), (610, 1, '11086', 'original', 'ffg-en/11086.jpg', 'front'), (611, 1, '11085', 'original', 'ffg-en/11085.jpg', 'front'), (612, 1, '11084', 'original', 'ffg-en/11084.jpg', 'front'), (613, 1, '11083', 'original', 'ffg-en/11083.jpg', 'front'), (614, 1, '11082', 'original', 'ffg-en/11082.jpg', 'front'), (615, 1, '11081', 'original', 'ffg-en/11081.jpg', 'front'), (616, 1, '11080', 'original', 'ffg-en/11080.jpg', 'front'), (617, 1, '11079', 'original', 'ffg-en/11079.jpg', 'front'), (618, 1, '11078', 'original', 'ffg-en/11078.jpg', 'front'), (619, 1, '11077', 'original', 'ffg-en/11077.jpg', 'front'), (620, 1, '11076', 'original', 'ffg-en/11076.jpg', 'front'), (621, 1, '11075', 'original', 'ffg-en/11075.jpg', 'front'), (622, 1, '11074', 'original', 'ffg-en/11074.jpg', 'front'), (623, 1, '11073', 'original', 'ffg-en/11073.jpg', 'front'), (624, 1, '11072', 'original', 'ffg-en/11072.jpg', 'front'), (625, 1, '11071', 'original', 'ffg-en/11071.jpg', 'front'), (626, 1, '11070', 'original', 'ffg-en/11070.jpg', 'front'), (627, 1, '11069', 'original', 'ffg-en/11069.jpg', 'front'), (628, 1, '11068', 'original', 'ffg-en/11068.jpg', 'front'), (629, 1, '11067', 'original', 'ffg-en/11067.jpg', 'front'), (630, 1, '11066', 'original', 'ffg-en/11066.jpg', 'front'), (631, 1, '11065', 'original', 'ffg-en/11065.jpg', 'front'), (632, 1, '11064', 'original', 'ffg-en/11064.jpg', 'front'), (633, 1, '11063', 'original', 'ffg-en/11063.jpg', 'front'), (634, 1, '11062', 'original', 'ffg-en/11062.jpg', 'front'), (635, 1, '11061', 'original', 'ffg-en/11061.jpg', 'front'), (636, 1, '11060', 'original', 'ffg-en/11060.jpg', 'front'), (637, 1, '11059', 'original', 'ffg-en/11059.jpg', 'front'), (638, 1, '11058', 'original', 'ffg-en/11058.jpg', 'front'), (639, 1, '11057', 'original', 'ffg-en/11057.jpg', 'front'), (640, 1, '11056', 'original', 'ffg-en/11056.jpg', 'front'), (641, 1, '11055', 'original', 'ffg-en/11055.jpg', 'front'), (642, 1, '11054', 'original', 'ffg-en/11054.jpg', 'front'), (643, 1, '11053', 'original', 'ffg-en/11053.jpg', 'front'), (644, 1, '11052', 'original', 'ffg-en/11052.jpg', 'front'), (645, 1, '11051', 'original', 'ffg-en/11051.jpg', 'front'), (646, 1, '11050', 'original', 'ffg-en/11050.jpg', 'front'), (647, 1, '11049', 'original', 'ffg-en/11049.jpg', 'front'), (648, 1, '11048', 'original', 'ffg-en/11048.jpg', 'front'), (649, 1, '11047', 'original', 'ffg-en/11047.jpg', 'front'), (650, 1, '11046', 'original', 'ffg-en/11046.jpg', 'front'), (651, 1, '11045', 'original', 'ffg-en/11045.jpg', 'front'), (652, 1, '11044', 'original', 'ffg-en/11044.jpg', 'front'), (653, 1, '11043', 'original', 'ffg-en/11043.jpg', 'front'), (654, 1, '11042', 'original', 'ffg-en/11042.jpg', 'front'), (655, 1, '11041', 'original', 'ffg-en/11041.jpg', 'front'), (656, 1, '11040', 'original', 'ffg-en/11040.jpg', 'front'), (657, 1, '11039', 'original', 'ffg-en/11039.jpg', 'front'), (658, 1, '11038', 'original', 'ffg-en/11038.jpg', 'front'), (659, 1, '11037', 'original', 'ffg-en/11037.jpg', 'front'), (660, 1, '11036', 'original', 'ffg-en/11036.jpg', 'front'), (661, 1, '11035', 'original', 'ffg-en/11035.jpg', 'front'), (662, 1, '11034', 'original', 'ffg-en/11034.jpg', 'front'), (663, 1, '11033', 'original', 'ffg-en/11033.jpg', 'front'), (664, 1, '11032', 'original', 'ffg-en/11032.jpg', 'front'), (665, 1, '11031', 'original', 'ffg-en/11031.jpg', 'front'), (666, 1, '11030', 'original', 'ffg-en/11030.jpg', 'front'), (667, 1, '11029', 'original', 'ffg-en/11029.jpg', 'front'), (668, 1, '11028', 'original', 'ffg-en/11028.jpg', 'front'), (669, 1, '11027', 'original', 'ffg-en/11027.jpg', 'front'), (670, 1, '11026', 'original', 'ffg-en/11026.jpg', 'front'), (671, 1, '11025', 'original', 'ffg-en/11025.jpg', 'front'), (672, 1, '11024', 'original', 'ffg-en/11024.jpg', 'front'), (673, 1, '11023', 'original', 'ffg-en/11023.jpg', 'front'), (674, 1, '11022', 'original', 'ffg-en/11022.jpg', 'front'), (675, 1, '11021', 'original', 'ffg-en/11021.jpg', 'front'), (676, 1, '11020', 'original', 'ffg-en/11020.jpg', 'front'), (677, 1, '11019', 'original', 'ffg-en/11019.jpg', 'front'), (678, 1, '11018', 'original', 'ffg-en/11018.jpg', 'front'), (679, 1, '11017', 'original', 'ffg-en/11017.jpg', 'front'), (680, 1, '11016', 'original', 'ffg-en/11016.jpg', 'front'), (681, 1, '11015', 'original', 'ffg-en/11015.jpg', 'front'), (682, 1, '11014', 'original', 'ffg-en/11014.jpg', 'front'), (683, 1, '11013', 'original', 'ffg-en/11013.jpg', 'front'), (684, 1, '11012', 'original', 'ffg-en/11012.jpg', 'front'), (685, 1, '11011', 'original', 'ffg-en/11011.jpg', 'front'), (686, 1, '11010', 'original', 'ffg-en/11010.jpg', 'front'), (687, 1, '11009', 'original', 'ffg-en/11009.jpg', 'front'), (688, 1, '11008', 'original', 'ffg-en/11008.jpg', 'front'), (689, 1, '11007', 'original', 'ffg-en/11007.jpg', 'front'), (690, 1, '11006', 'original', 'ffg-en/11006.jpg', 'front'), (691, 1, '11005', 'original', 'ffg-en/11005.jpg', 'front'), (692, 1, '11004', 'original', 'ffg-en/11004.jpg', 'front'), (693, 1, '11003', 'original', 'ffg-en/11003.jpg', 'front'), (694, 1, '11002', 'original', 'ffg-en/11002.jpg', 'front'), (695, 1, '11001', 'original', 'ffg-en/11001.jpg', 'front'), (696, 1, '10114', 'original', 'ffg-en/10114.jpg', 'front'), (697, 1, '10113', 'original', 'ffg-en/10113.jpg', 'front'), (698, 1, '10112', 'original', 'ffg-en/10112.jpg', 'front'), (699, 1, '10111', 'original', 'ffg-en/10111.jpg', 'front'), (700, 1, '10110', 'original', 'ffg-en/10110.jpg', 'front'), (701, 1, '10109', 'original', 'ffg-en/10109.jpg', 'front'), (702, 1, '10108', 'original', 'ffg-en/10108.jpg', 'front'), (703, 1, '10107', 'original', 'ffg-en/10107.jpg', 'front'), (704, 1, '10106', 'original', 'ffg-en/10106.jpg', 'front'), (705, 1, '10105', 'original', 'ffg-en/10105.jpg', 'front'), (706, 1, '10104', 'original', 'ffg-en/10104.jpg', 'front'), (707, 1, '10103', 'original', 'ffg-en/10103.jpg', 'front'), (708, 1, '10102', 'original', 'ffg-en/10102.jpg', 'front'), (709, 1, '10101', 'original', 'ffg-en/10101.jpg', 'front'), (710, 1, '10100', 'original', 'ffg-en/10100.jpg', 'front'), (711, 1, '10099', 'original', 'ffg-en/10099.jpg', 'front'), (712, 1, '10098', 'original', 'ffg-en/10098.jpg', 'front'), (713, 1, '10097', 'original', 'ffg-en/10097.jpg', 'front'), (714, 1, '10096', 'original', 'ffg-en/10096.jpg', 'front'), (715, 1, '10095', 'original', 'ffg-en/10095.jpg', 'front'), (716, 1, '10094', 'original', 'ffg-en/10094.jpg', 'front'), (717, 1, '10093', 'original', 'ffg-en/10093.jpg', 'front'), (718, 1, '10092', 'original', 'ffg-en/10092.jpg', 'front'), (719, 1, '10091', 'original', 'ffg-en/10091.jpg', 'front'), (720, 1, '10090', 'original', 'ffg-en/10090.jpg', 'front'), (721, 1, '10089', 'original', 'ffg-en/10089.jpg', 'front'), (722, 1, '10088', 'original', 'ffg-en/10088.jpg', 'front'), (723, 1, '10087', 'original', 'ffg-en/10087.jpg', 'front'), (724, 1, '10086', 'original', 'ffg-en/10086.jpg', 'front'), (725, 1, '10085', 'original', 'ffg-en/10085.jpg', 'front'), (726, 1, '10084', 'original', 'ffg-en/10084.jpg', 'front'), (727, 1, '10083', 'original', 'ffg-en/10083.jpg', 'front'), (728, 1, '10082', 'original', 'ffg-en/10082.jpg', 'front'), (729, 1, '10081', 'original', 'ffg-en/10081.jpg', 'front'), (730, 1, '10080', 'original', 'ffg-en/10080.jpg', 'front'), (731, 1, '10079', 'original', 'ffg-en/10079.jpg', 'front'), (732, 1, '10078', 'original', 'ffg-en/10078.jpg', 'front'), (733, 1, '10077', 'original', 'ffg-en/10077.jpg', 'front'), (734, 1, '10076', 'original', 'ffg-en/10076.jpg', 'front'), (735, 1, '10075', 'original', 'ffg-en/10075.jpg', 'front'), (736, 1, '10074', 'original', 'ffg-en/10074.jpg', 'front'), (737, 1, '10073', 'original', 'ffg-en/10073.jpg', 'front'), (738, 1, '10072', 'original', 'ffg-en/10072.jpg', 'front'), (739, 1, '10071', 'original', 'ffg-en/10071.jpg', 'front'), (740, 1, '10070', 'original', 'ffg-en/10070.jpg', 'front'), (741, 1, '10069', 'original', 'ffg-en/10069.jpg', 'front'), (742, 1, '10068', 'original', 'ffg-en/10068.jpg', 'front'), (743, 1, '10067', 'original', 'ffg-en/10067.jpg', 'front'), (744, 1, '10066', 'original', 'ffg-en/10066.jpg', 'front'), (745, 1, '10065', 'original', 'ffg-en/10065.jpg', 'front'), (746, 1, '10064', 'original', 'ffg-en/10064.jpg', 'front'), (747, 1, '10063', 'original', 'ffg-en/10063.jpg', 'front'), (748, 1, '10062', 'original', 'ffg-en/10062.jpg', 'front'), (749, 1, '10061', 'original', 'ffg-en/10061.jpg', 'front'), (750, 1, '10060', 'original', 'ffg-en/10060.jpg', 'front'), (751, 1, '10059', 'original', 'ffg-en/10059.jpg', 'front'), (752, 1, '10058', 'original', 'ffg-en/10058.jpg', 'front'), (753, 1, '10057', 'original', 'ffg-en/10057.jpg', 'front'), (754, 1, '10056', 'original', 'ffg-en/10056.jpg', 'front'), (755, 1, '10055', 'original', 'ffg-en/10055.jpg', 'front'), (756, 1, '10054', 'original', 'ffg-en/10054.jpg', 'front'), (757, 1, '10053', 'original', 'ffg-en/10053.jpg', 'front'), (758, 1, '10052', 'original', 'ffg-en/10052.jpg', 'front'), (759, 1, '10051', 'original', 'ffg-en/10051.jpg', 'front'), (760, 1, '10050', 'original', 'ffg-en/10050.jpg', 'front'), (761, 1, '10049', 'original', 'ffg-en/10049.jpg', 'front'), (762, 1, '10048', 'original', 'ffg-en/10048.jpg', 'front'), (763, 1, '10047', 'original', 'ffg-en/10047.jpg', 'front'), (764, 1, '10046', 'original', 'ffg-en/10046.jpg', 'front'), (765, 1, '10045', 'original', 'ffg-en/10045.jpg', 'front'), (766, 1, '10044', 'original', 'ffg-en/10044.jpg', 'front'), (767, 1, '10043', 'original', 'ffg-en/10043.jpg', 'front'), (768, 1, '10042', 'original', 'ffg-en/10042.jpg', 'front'), (769, 1, '10041', 'original', 'ffg-en/10041.jpg', 'front'), (770, 1, '10040', 'original', 'ffg-en/10040.jpg', 'front'), (771, 1, '10039', 'original', 'ffg-en/10039.jpg', 'front'), (772, 1, '10038', 'original', 'ffg-en/10038.jpg', 'front'), (773, 1, '10037', 'original', 'ffg-en/10037.jpg', 'front'), (774, 1, '10036', 'original', 'ffg-en/10036.jpg', 'front'), (775, 1, '10035', 'original', 'ffg-en/10035.jpg', 'front'), (776, 1, '10034', 'original', 'ffg-en/10034.jpg', 'front'), (777, 1, '10033', 'original', 'ffg-en/10033.jpg', 'front'), (778, 1, '10032', 'original', 'ffg-en/10032.jpg', 'front'), (779, 1, '10031', 'original', 'ffg-en/10031.jpg', 'front'), (780, 1, '10030', 'original', 'ffg-en/10030.jpg', 'front'), (781, 1, '10029', 'original', 'ffg-en/10029.jpg', 'front'), (782, 1, '10028', 'original', 'ffg-en/10028.jpg', 'front'), (783, 1, '10027', 'original', 'ffg-en/10027.jpg', 'front'), (784, 1, '10026', 'original', 'ffg-en/10026.jpg', 'front'), (785, 1, '10025', 'original', 'ffg-en/10025.jpg', 'front'), (786, 1, '10024', 'original', 'ffg-en/10024.jpg', 'front'), (787, 1, '10023', 'original', 'ffg-en/10023.jpg', 'front'), (788, 1, '10022', 'original', 'ffg-en/10022.jpg', 'front'), (789, 1, '10021', 'original', 'ffg-en/10021.jpg', 'front'), (790, 1, '10020', 'original', 'ffg-en/10020.jpg', 'front'), (791, 1, '10019', 'original', 'ffg-en/10019.jpg', 'front'), (792, 1, '10018', 'original', 'ffg-en/10018.jpg', 'front'), (793, 1, '10017', 'original', 'ffg-en/10017.jpg', 'front'), (794, 1, '10016', 'original', 'ffg-en/10016.jpg', 'front'), (795, 1, '10015', 'original', 'ffg-en/10015.jpg', 'front'), (796, 1, '10014', 'original', 'ffg-en/10014.jpg', 'front'), (797, 1, '10013', 'original', 'ffg-en/10013.jpg', 'front'), (798, 1, '10012', 'original', 'ffg-en/10012.jpg', 'front'), (799, 1, '10011', 'original', 'ffg-en/10011.jpg', 'front'), (800, 1, '10010', 'original', 'ffg-en/10010.jpg', 'front'), (801, 1, '10009', 'original', 'ffg-en/10009.jpg', 'front'), (802, 1, '10008', 'original', 'ffg-en/10008.jpg', 'front'), (803, 1, '10007', 'original', 'ffg-en/10007.jpg', 'front'), (804, 1, '10006', 'original', 'ffg-en/10006.jpg', 'front'), (805, 1, '10005', 'original', 'ffg-en/10005.jpg', 'front'), (806, 1, '10004', 'original', 'ffg-en/10004.jpg', 'front'), (807, 1, '10003', 'original', 'ffg-en/10003.jpg', 'front'), (808, 1, '10002', 'original', 'ffg-en/10002.jpg', 'front'), (809, 1, '10001', 'original', 'ffg-en/10001.jpg', 'front'), (810, 1, '09055', 'original', 'ffg-en/09055.jpg', 'front'), (811, 1, '09054', 'original', 'ffg-en/09054.jpg', 'front'), (812, 1, '09053', 'original', 'ffg-en/09053.jpg', 'front'), (813, 1, '09052', 'original', 'ffg-en/09052.jpg', 'front'), (814, 1, '09051', 'original', 'ffg-en/09051.jpg', 'front'), (815, 1, '09050', 'original', 'ffg-en/09050.jpg', 'front'), (816, 1, '09049', 'original', 'ffg-en/09049.jpg', 'front'), (817, 1, '09048', 'original', 'ffg-en/09048.jpg', 'front'), (818, 1, '09047', 'original', 'ffg-en/09047.jpg', 'front'), (819, 1, '09046', 'original', 'ffg-en/09046.jpg', 'front'), (820, 1, '09045', 'original', 'ffg-en/09045.jpg', 'front'), (821, 1, '09044', 'original', 'ffg-en/09044.jpg', 'front'), (822, 1, '09043', 'original', 'ffg-en/09043.jpg', 'front'), (823, 1, '09042', 'original', 'ffg-en/09042.jpg', 'front'), (824, 1, '09041', 'original', 'ffg-en/09041.jpg', 'front'), (825, 1, '09040', 'original', 'ffg-en/09040.jpg', 'front'), (826, 1, '09039', 'original', 'ffg-en/09039.jpg', 'front'), (827, 1, '09038', 'original', 'ffg-en/09038.jpg', 'front'), (828, 1, '09037', 'original', 'ffg-en/09037.jpg', 'front'), (829, 1, '09036', 'original', 'ffg-en/09036.jpg', 'front'), (830, 1, '09035', 'original', 'ffg-en/09035.jpg', 'front'), (831, 1, '09034', 'original', 'ffg-en/09034.jpg', 'front'), (832, 1, '09033', 'original', 'ffg-en/09033.jpg', 'front'), (833, 1, '09032', 'original', 'ffg-en/09032.jpg', 'front'), (834, 1, '09031', 'original', 'ffg-en/09031.jpg', 'front'), (835, 1, '09030', 'original', 'ffg-en/09030.jpg', 'front'), (836, 1, '09029', 'original', 'ffg-en/09029.jpg', 'front'), (837, 1, '09028', 'original', 'ffg-en/09028.jpg', 'front'), (838, 1, '09027', 'original', 'ffg-en/09027.jpg', 'front'), (839, 1, '09026', 'original', 'ffg-en/09026.jpg', 'front'), (840, 1, '09025', 'original', 'ffg-en/09025.jpg', 'front'), (841, 1, '09024', 'original', 'ffg-en/09024.jpg', 'front'), (842, 1, '09023', 'original', 'ffg-en/09023.jpg', 'front'), (843, 1, '09022', 'original', 'ffg-en/09022.jpg', 'front'), (844, 1, '09021', 'original', 'ffg-en/09021.jpg', 'front'), (845, 1, '09020', 'original', 'ffg-en/09020.jpg', 'front'), (846, 1, '09019', 'original', 'ffg-en/09019.jpg', 'front'), (847, 1, '09018', 'original', 'ffg-en/09018.jpg', 'front'), (848, 1, '09017', 'original', 'ffg-en/09017.jpg', 'front'), (849, 1, '09016', 'original', 'ffg-en/09016.jpg', 'front'), (850, 1, '09015', 'original', 'ffg-en/09015.jpg', 'front'), (851, 1, '09014', 'original', 'ffg-en/09014.jpg', 'front'), (852, 1, '09013', 'original', 'ffg-en/09013.jpg', 'front'), (853, 1, '09012', 'original', 'ffg-en/09012.jpg', 'front'), (854, 1, '09011', 'original', 'ffg-en/09011.jpg', 'front'), (855, 1, '09010', 'original', 'ffg-en/09010.jpg', 'front'), (856, 1, '09009', 'original', 'ffg-en/09009.jpg', 'front'), (857, 1, '09008', 'original', 'ffg-en/09008.jpg', 'front'), (858, 1, '09007', 'original', 'ffg-en/09007.jpg', 'front'), (859, 1, '09006', 'original', 'ffg-en/09006.jpg', 'front'), (860, 1, '09005', 'original', 'ffg-en/09005.jpg', 'front'), (861, 1, '09004', 'original', 'ffg-en/09004.jpg', 'front'), (862, 1, '09003', 'original', 'ffg-en/09003.jpg', 'front'), (863, 1, '09002', 'original', 'ffg-en/09002.jpg', 'front'), (864, 1, '09001', 'original', 'ffg-en/09001.jpg', 'front'), (865, 1, '08120', 'original', 'ffg-en/08120.jpg', 'front'), (866, 1, '08119', 'original', 'ffg-en/08119.jpg', 'front'), (867, 1, '08118', 'original', 'ffg-en/08118.jpg', 'front'), (868, 1, '08117', 'original', 'ffg-en/08117.jpg', 'front'), (869, 1, '08116', 'original', 'ffg-en/08116.jpg', 'front'), (870, 1, '08115', 'original', 'ffg-en/08115.jpg', 'front'), (871, 1, '08114', 'original', 'ffg-en/08114.jpg', 'front'), (872, 1, '08113', 'original', 'ffg-en/08113.jpg', 'front'), (873, 1, '08112', 'original', 'ffg-en/08112.jpg', 'front'), (874, 1, '08111', 'original', 'ffg-en/08111.jpg', 'front'), (875, 1, '08110', 'original', 'ffg-en/08110.jpg', 'front'), (876, 1, '08109', 'original', 'ffg-en/08109.jpg', 'front'), (877, 1, '08108', 'original', 'ffg-en/08108.jpg', 'front'), (878, 1, '08107', 'original', 'ffg-en/08107.jpg', 'front'), (879, 1, '08106', 'original', 'ffg-en/08106.jpg', 'front'), (880, 1, '08105', 'original', 'ffg-en/08105.jpg', 'front'), (881, 1, '08104', 'original', 'ffg-en/08104.jpg', 'front'), (882, 1, '08103', 'original', 'ffg-en/08103.jpg', 'front'), (883, 1, '08102', 'original', 'ffg-en/08102.jpg', 'front'), (884, 1, '08101', 'original', 'ffg-en/08101.jpg', 'front'), (885, 1, '08100', 'original', 'ffg-en/08100.jpg', 'front'), (886, 1, '08099', 'original', 'ffg-en/08099.jpg', 'front'), (887, 1, '08098', 'original', 'ffg-en/08098.jpg', 'front'), (888, 1, '08097', 'original', 'ffg-en/08097.jpg', 'front'), (889, 1, '08096', 'original', 'ffg-en/08096.jpg', 'front'), (890, 1, '08095', 'original', 'ffg-en/08095.jpg', 'front'), (891, 1, '08094', 'original', 'ffg-en/08094.jpg', 'front'), (892, 1, '08093', 'original', 'ffg-en/08093.jpg', 'front'), (893, 1, '08092', 'original', 'ffg-en/08092.jpg', 'front'), (894, 1, '08091', 'original', 'ffg-en/08091.jpg', 'front'), (895, 1, '08090', 'original', 'ffg-en/08090.jpg', 'front'), (896, 1, '08089', 'original', 'ffg-en/08089.jpg', 'front'), (897, 1, '08088', 'original', 'ffg-en/08088.jpg', 'front'), (898, 1, '08087', 'original', 'ffg-en/08087.jpg', 'front'), (899, 1, '08086', 'original', 'ffg-en/08086.jpg', 'front'), (900, 1, '08085', 'original', 'ffg-en/08085.jpg', 'front'), (901, 1, '08084', 'original', 'ffg-en/08084.jpg', 'front'), (902, 1, '08083', 'original', 'ffg-en/08083.jpg', 'front'), (903, 1, '08082', 'original', 'ffg-en/08082.jpg', 'front'), (904, 1, '08081', 'original', 'ffg-en/08081.jpg', 'front'), (905, 1, '08080', 'original', 'ffg-en/08080.jpg', 'front'), (906, 1, '08079', 'original', 'ffg-en/08079.jpg', 'front'), (907, 1, '08078', 'original', 'ffg-en/08078.jpg', 'front'), (908, 1, '08077', 'original', 'ffg-en/08077.jpg', 'front'), (909, 1, '08076', 'original', 'ffg-en/08076.jpg', 'front'), (910, 1, '08075', 'original', 'ffg-en/08075.jpg', 'front'), (911, 1, '08074', 'original', 'ffg-en/08074.jpg', 'front'), (912, 1, '08073', 'original', 'ffg-en/08073.jpg', 'front'), (913, 1, '08072', 'original', 'ffg-en/08072.jpg', 'front'), (914, 1, '08071', 'original', 'ffg-en/08071.jpg', 'front'), (915, 1, '08070', 'original', 'ffg-en/08070.jpg', 'front'), (916, 1, '08069', 'original', 'ffg-en/08069.jpg', 'front'), (917, 1, '08068', 'original', 'ffg-en/08068.jpg', 'front'), (918, 1, '08067', 'original', 'ffg-en/08067.jpg', 'front'), (919, 1, '08066', 'original', 'ffg-en/08066.jpg', 'front'), (920, 1, '08065', 'original', 'ffg-en/08065.jpg', 'front'), (921, 1, '08064', 'original', 'ffg-en/08064.jpg', 'front'), (922, 1, '08063', 'original', 'ffg-en/08063.jpg', 'front'), (923, 1, '08062', 'original', 'ffg-en/08062.jpg', 'front'), (924, 1, '08061', 'original', 'ffg-en/08061.jpg', 'front'), (925, 1, '08060', 'original', 'ffg-en/08060.jpg', 'front'), (926, 1, '08059', 'original', 'ffg-en/08059.jpg', 'front'), (927, 1, '08058', 'original', 'ffg-en/08058.jpg', 'front'), (928, 1, '08057', 'original', 'ffg-en/08057.jpg', 'front'), (929, 1, '08056', 'original', 'ffg-en/08056.jpg', 'front'), (930, 1, '08055', 'original', 'ffg-en/08055.jpg', 'front'), (931, 1, '08054', 'original', 'ffg-en/08054.jpg', 'front'), (932, 1, '08053', 'original', 'ffg-en/08053.jpg', 'front'), (933, 1, '08052', 'original', 'ffg-en/08052.jpg', 'front'), (934, 1, '08051', 'original', 'ffg-en/08051.jpg', 'front'), (935, 1, '08050', 'original', 'ffg-en/08050.jpg', 'front'), (936, 1, '08049', 'original', 'ffg-en/08049.jpg', 'front'), (937, 1, '08048', 'original', 'ffg-en/08048.jpg', 'front'), (938, 1, '08047', 'original', 'ffg-en/08047.jpg', 'front'), (939, 1, '08046', 'original', 'ffg-en/08046.jpg', 'front'), (940, 1, '08045', 'original', 'ffg-en/08045.jpg', 'front'), (941, 1, '08044', 'original', 'ffg-en/08044.jpg', 'front'), (942, 1, '08043', 'original', 'ffg-en/08043.jpg', 'front'), (943, 1, '08042', 'original', 'ffg-en/08042.jpg', 'front'), (944, 1, '08041', 'original', 'ffg-en/08041.jpg', 'front'), (945, 1, '08040', 'original', 'ffg-en/08040.jpg', 'front'), (946, 1, '08039', 'original', 'ffg-en/08039.jpg', 'front'), (947, 1, '08038', 'original', 'ffg-en/08038.jpg', 'front'), (948, 1, '08037', 'original', 'ffg-en/08037.jpg', 'front'), (949, 1, '08036', 'original', 'ffg-en/08036.jpg', 'front'), (950, 1, '08035', 'original', 'ffg-en/08035.jpg', 'front'), (951, 1, '08034', 'original', 'ffg-en/08034.jpg', 'front'), (952, 1, '08033', 'original', 'ffg-en/08033.jpg', 'front'), (953, 1, '08032', 'original', 'ffg-en/08032.jpg', 'front'), (954, 1, '08031', 'original', 'ffg-en/08031.jpg', 'front'), (955, 1, '08030', 'original', 'ffg-en/08030.jpg', 'front'), (956, 1, '08029', 'original', 'ffg-en/08029.jpg', 'front'), (957, 1, '08028', 'original', 'ffg-en/08028.jpg', 'front'), (958, 1, '08027', 'original', 'ffg-en/08027.jpg', 'front'), (959, 1, '08026', 'original', 'ffg-en/08026.jpg', 'front'), (960, 1, '08025', 'original', 'ffg-en/08025.jpg', 'front'), (961, 1, '08024', 'original', 'ffg-en/08024.jpg', 'front'), (962, 1, '08023', 'original', 'ffg-en/08023.jpg', 'front'), (963, 1, '08022', 'original', 'ffg-en/08022.jpg', 'front'), (964, 1, '08021', 'original', 'ffg-en/08021.jpg', 'front'), (965, 1, '08020', 'original', 'ffg-en/08020.jpg', 'front'), (966, 1, '08019', 'original', 'ffg-en/08019.jpg', 'front'), (967, 1, '08018', 'original', 'ffg-en/08018.jpg', 'front'), (968, 1, '08017', 'original', 'ffg-en/08017.jpg', 'front'), (969, 1, '08016', 'original', 'ffg-en/08016.jpg', 'front'), (970, 1, '08015', 'original', 'ffg-en/08015.jpg', 'front'), (971, 1, '08014', 'original', 'ffg-en/08014.jpg', 'front'), (972, 1, '08013', 'original', 'ffg-en/08013.jpg', 'front'), (973, 1, '08012', 'original', 'ffg-en/08012.jpg', 'front'), (974, 1, '08011', 'original', 'ffg-en/08011.jpg', 'front'), (975, 1, '08010', 'original', 'ffg-en/08010.jpg', 'front'), (976, 1, '08009', 'original', 'ffg-en/08009.jpg', 'front'), (977, 1, '08008', 'original', 'ffg-en/08008.jpg', 'front'), (978, 1, '08007', 'original', 'ffg-en/08007.jpg', 'front'), (979, 1, '08006', 'original', 'ffg-en/08006.jpg', 'front'), (980, 1, '08005', 'original', 'ffg-en/08005.jpg', 'front'), (981, 1, '08004', 'original', 'ffg-en/08004.jpg', 'front'), (982, 1, '08003', 'original', 'ffg-en/08003.jpg', 'front'), (983, 1, '08002', 'original', 'ffg-en/08002.jpg', 'front'), (984, 1, '08001', 'original', 'ffg-en/08001.jpg', 'front'), (985, 1, '07055', 'original', 'ffg-en/07055.jpg', 'front'), (986, 1, '07054', 'original', 'ffg-en/07054.jpg', 'front'), (987, 1, '07053', 'original', 'ffg-en/07053.jpg', 'front'), (988, 1, '07052', 'original', 'ffg-en/07052.jpg', 'front'), (989, 1, '07051', 'original', 'ffg-en/07051.jpg', 'front'), (990, 1, '07050', 'original', 'ffg-en/07050.jpg', 'front'), (991, 1, '07049', 'original', 'ffg-en/07049.jpg', 'front'), (992, 1, '07048', 'original', 'ffg-en/07048.jpg', 'front'), (993, 1, '07047', 'original', 'ffg-en/07047.jpg', 'front'), (994, 1, '07046', 'original', 'ffg-en/07046.jpg', 'front'), (995, 1, '07045', 'original', 'ffg-en/07045.jpg', 'front'), (996, 1, '07044', 'original', 'ffg-en/07044.jpg', 'front'), (997, 1, '07043', 'original', 'ffg-en/07043.jpg', 'front'), (998, 1, '07042', 'original', 'ffg-en/07042.jpg', 'front'), (999, 1, '07041', 'original', 'ffg-en/07041.jpg', 'front'), (1000, 1, '07040', 'original', 'ffg-en/07040.jpg', 'front');
INSERT INTO printings (id, collection_id, card_code, variant, file_path, part) VALUES (1001, 1, '07039', 'original', 'ffg-en/07039.jpg', 'front'), (1002, 1, '07038', 'original', 'ffg-en/07038.jpg', 'front'), (1003, 1, '07037', 'original', 'ffg-en/07037.jpg', 'front'), (1004, 1, '07036', 'original', 'ffg-en/07036.jpg', 'front'), (1005, 1, '07035', 'original', 'ffg-en/07035.jpg', 'front'), (1006, 1, '07034', 'original', 'ffg-en/07034.jpg', 'front'), (1007, 1, '07033', 'original', 'ffg-en/07033.jpg', 'front'), (1008, 1, '07032', 'original', 'ffg-en/07032.jpg', 'front'), (1009, 1, '07031', 'original', 'ffg-en/07031.jpg', 'front'), (1010, 1, '07030', 'original', 'ffg-en/07030.jpg', 'front'), (1011, 1, '07029', 'original', 'ffg-en/07029.jpg', 'front'), (1012, 1, '07028', 'original', 'ffg-en/07028.jpg', 'front'), (1013, 1, '07027', 'original', 'ffg-en/07027.jpg', 'front'), (1014, 1, '07026', 'original', 'ffg-en/07026.jpg', 'front'), (1015, 1, '07025', 'original', 'ffg-en/07025.jpg', 'front'), (1016, 1, '07024', 'original', 'ffg-en/07024.jpg', 'front'), (1017, 1, '07023', 'original', 'ffg-en/07023.jpg', 'front'), (1018, 1, '07022', 'original', 'ffg-en/07022.jpg', 'front'), (1019, 1, '07021', 'original', 'ffg-en/07021.jpg', 'front'), (1020, 1, '07020', 'original', 'ffg-en/07020.jpg', 'front'), (1021, 1, '07019', 'original', 'ffg-en/07019.jpg', 'front'), (1022, 1, '07018', 'original', 'ffg-en/07018.jpg', 'front'), (1023, 1, '07017', 'original', 'ffg-en/07017.jpg', 'front'), (1024, 1, '07016', 'original', 'ffg-en/07016.jpg', 'front'), (1025, 1, '07015', 'original', 'ffg-en/07015.jpg', 'front'), (1026, 1, '07014', 'original', 'ffg-en/07014.jpg', 'front'), (1027, 1, '07013', 'original', 'ffg-en/07013.jpg', 'front'), (1028, 1, '07012', 'original', 'ffg-en/07012.jpg', 'front'), (1029, 1, '07011', 'original', 'ffg-en/07011.jpg', 'front'), (1030, 1, '07010', 'original', 'ffg-en/07010.jpg', 'front'), (1031, 1, '07009', 'original', 'ffg-en/07009.jpg', 'front'), (1032, 1, '07008', 'original', 'ffg-en/07008.jpg', 'front'), (1033, 1, '07007', 'original', 'ffg-en/07007.jpg', 'front'), (1034, 1, '07006', 'original', 'ffg-en/07006.jpg', 'front'), (1035, 1, '07005', 'original', 'ffg-en/07005.jpg', 'front'), (1036, 1, '07004', 'original', 'ffg-en/07004.jpg', 'front'), (1037, 1, '07003', 'original', 'ffg-en/07003.jpg', 'front'), (1038, 1, '07002', 'original', 'ffg-en/07002.jpg', 'front'), (1039, 1, '07001', 'original', 'ffg-en/07001.jpg', 'front'), (1040, 1, '06120', 'original', 'ffg-en/06120.jpg', 'front'), (1041, 1, '06119', 'original', 'ffg-en/06119.jpg', 'front'), (1042, 1, '06118', 'original', 'ffg-en/06118.jpg', 'front'), (1043, 1, '06117', 'original', 'ffg-en/06117.jpg', 'front'), (1044, 1, '06116', 'original', 'ffg-en/06116.jpg', 'front'), (1045, 1, '06115', 'original', 'ffg-en/06115.jpg', 'front'), (1046, 1, '06114', 'original', 'ffg-en/06114.jpg', 'front'), (1047, 1, '06113', 'original', 'ffg-en/06113.jpg', 'front'), (1048, 1, '06112', 'original', 'ffg-en/06112.jpg', 'front'), (1049, 1, '06111', 'original', 'ffg-en/06111.jpg', 'front'), (1050, 1, '06110', 'original', 'ffg-en/06110.jpg', 'front'), (1051, 1, '06109', 'original', 'ffg-en/06109.jpg', 'front'), (1052, 1, '06108', 'original', 'ffg-en/06108.jpg', 'front'), (1053, 1, '06107', 'original', 'ffg-en/06107.jpg', 'front'), (1054, 1, '06106', 'original', 'ffg-en/06106.jpg', 'front'), (1055, 1, '06105', 'original', 'ffg-en/06105.jpg', 'front'), (1056, 1, '06104', 'original', 'ffg-en/06104.jpg', 'front'), (1057, 1, '06103', 'original', 'ffg-en/06103.jpg', 'front'), (1058, 1, '06102', 'original', 'ffg-en/06102.jpg', 'front'), (1059, 1, '06101', 'original', 'ffg-en/06101.jpg', 'front'), (1060, 1, '06100', 'original', 'ffg-en/06100.jpg', 'front'), (1061, 1, '06099', 'original', 'ffg-en/06099.jpg', 'front'), (1062, 1, '06098', 'original', 'ffg-en/06098.jpg', 'front'), (1063, 1, '06097', 'original', 'ffg-en/06097.jpg', 'front'), (1064, 1, '06096', 'original', 'ffg-en/06096.jpg', 'front'), (1065, 1, '06095', 'original', 'ffg-en/06095.jpg', 'front'), (1066, 1, '06094', 'original', 'ffg-en/06094.jpg', 'front'), (1067, 1, '06093', 'original', 'ffg-en/06093.jpg', 'front'), (1068, 1, '06092', 'original', 'ffg-en/06092.jpg', 'front'), (1069, 1, '06091', 'original', 'ffg-en/06091.jpg', 'front'), (1070, 1, '06090', 'original', 'ffg-en/06090.jpg', 'front'), (1071, 1, '06089', 'original', 'ffg-en/06089.jpg', 'front'), (1072, 1, '06088', 'original', 'ffg-en/06088.jpg', 'front'), (1073, 1, '06087', 'original', 'ffg-en/06087.jpg', 'front'), (1074, 1, '06086', 'original', 'ffg-en/06086.jpg', 'front'), (1075, 1, '06085', 'original', 'ffg-en/06085.jpg', 'front'), (1076, 1, '06084', 'original', 'ffg-en/06084.jpg', 'front'), (1077, 1, '06083', 'original', 'ffg-en/06083.jpg', 'front'), (1078, 1, '06082', 'original', 'ffg-en/06082.jpg', 'front'), (1079, 1, '06081', 'original', 'ffg-en/06081.jpg', 'front'), (1080, 1, '06080', 'original', 'ffg-en/06080.jpg', 'front'), (1081, 1, '06079', 'original', 'ffg-en/06079.jpg', 'front'), (1082, 1, '06078', 'original', 'ffg-en/06078.jpg', 'front'), (1083, 1, '06077', 'original', 'ffg-en/06077.jpg', 'front'), (1084, 1, '06076', 'original', 'ffg-en/06076.jpg', 'front'), (1085, 1, '06075', 'original', 'ffg-en/06075.jpg', 'front'), (1086, 1, '06074', 'original', 'ffg-en/06074.jpg', 'front'), (1087, 1, '06073', 'original', 'ffg-en/06073.jpg', 'front'), (1088, 1, '06072', 'original', 'ffg-en/06072.jpg', 'front'), (1089, 1, '06071', 'original', 'ffg-en/06071.jpg', 'front'), (1090, 1, '06070', 'original', 'ffg-en/06070.jpg', 'front'), (1091, 1, '06069', 'original', 'ffg-en/06069.jpg', 'front'), (1092, 1, '06068', 'original', 'ffg-en/06068.jpg', 'front'), (1093, 1, '06067', 'original', 'ffg-en/06067.jpg', 'front'), (1094, 1, '06066', 'original', 'ffg-en/06066.jpg', 'front'), (1095, 1, '06065', 'original', 'ffg-en/06065.jpg', 'front'), (1096, 1, '06064', 'original', 'ffg-en/06064.jpg', 'front'), (1097, 1, '06063', 'original', 'ffg-en/06063.jpg', 'front'), (1098, 1, '06062', 'original', 'ffg-en/06062.jpg', 'front'), (1099, 1, '06061', 'original', 'ffg-en/06061.jpg', 'front'), (1100, 1, '06060', 'original', 'ffg-en/06060.jpg', 'front'), (1101, 1, '06059', 'original', 'ffg-en/06059.jpg', 'front'), (1102, 1, '06058', 'original', 'ffg-en/06058.jpg', 'front'), (1103, 1, '06057', 'original', 'ffg-en/06057.jpg', 'front'), (1104, 1, '06056', 'original', 'ffg-en/06056.jpg', 'front'), (1105, 1, '06055', 'original', 'ffg-en/06055.jpg', 'front'), (1106, 1, '06054', 'original', 'ffg-en/06054.jpg', 'front'), (1107, 1, '06053', 'original', 'ffg-en/06053.jpg', 'front'), (1108, 1, '06052', 'original', 'ffg-en/06052.jpg', 'front'), (1109, 1, '06051', 'original', 'ffg-en/06051.jpg', 'front'), (1110, 1, '06050', 'original', 'ffg-en/06050.jpg', 'front'), (1111, 1, '06049', 'original', 'ffg-en/06049.jpg', 'front'), (1112, 1, '06048', 'original', 'ffg-en/06048.jpg', 'front'), (1113, 1, '06047', 'original', 'ffg-en/06047.jpg', 'front'), (1114, 1, '06046', 'original', 'ffg-en/06046.jpg', 'front'), (1115, 1, '06045', 'original', 'ffg-en/06045.jpg', 'front'), (1116, 1, '06044', 'original', 'ffg-en/06044.jpg', 'front'), (1117, 1, '06043', 'original', 'ffg-en/06043.jpg', 'front'), (1118, 1, '06042', 'original', 'ffg-en/06042.jpg', 'front'), (1119, 1, '06041', 'original', 'ffg-en/06041.jpg', 'front'), (1120, 1, '06040', 'original', 'ffg-en/06040.jpg', 'front'), (1121, 1, '06039', 'original', 'ffg-en/06039.jpg', 'front'), (1122, 1, '06038', 'original', 'ffg-en/06038.jpg', 'front'), (1123, 1, '06037', 'original', 'ffg-en/06037.jpg', 'front'), (1124, 1, '06036', 'original', 'ffg-en/06036.jpg', 'front'), (1125, 1, '06035', 'original', 'ffg-en/06035.jpg', 'front'), (1126, 1, '06034', 'original', 'ffg-en/06034.jpg', 'front'), (1127, 1, '06033', 'original', 'ffg-en/06033.jpg', 'front'), (1128, 1, '06032', 'original', 'ffg-en/06032.jpg', 'front'), (1129, 1, '06031', 'original', 'ffg-en/06031.jpg', 'front'), (1130, 1, '06030', 'original', 'ffg-en/06030.jpg', 'front'), (1131, 1, '06029', 'original', 'ffg-en/06029.jpg', 'front'), (1132, 1, '06028', 'original', 'ffg-en/06028.jpg', 'front'), (1133, 1, '06027', 'original', 'ffg-en/06027.jpg', 'front'), (1134, 1, '06026', 'original', 'ffg-en/06026.jpg', 'front'), (1135, 1, '06025', 'original', 'ffg-en/06025.jpg', 'front'), (1136, 1, '06024', 'original', 'ffg-en/06024.jpg', 'front'), (1137, 1, '06023', 'original', 'ffg-en/06023.jpg', 'front'), (1138, 1, '06022', 'original', 'ffg-en/06022.jpg', 'front'), (1139, 1, '06021', 'original', 'ffg-en/06021.jpg', 'front'), (1140, 1, '06020', 'original', 'ffg-en/06020.jpg', 'front'), (1141, 1, '06019', 'original', 'ffg-en/06019.jpg', 'front'), (1142, 1, '06018', 'original', 'ffg-en/06018.jpg', 'front'), (1143, 1, '06017', 'original', 'ffg-en/06017.jpg', 'front'), (1144, 1, '06016', 'original', 'ffg-en/06016.jpg', 'front'), (1145, 1, '06015', 'original', 'ffg-en/06015.jpg', 'front'), (1146, 1, '06014', 'original', 'ffg-en/06014.jpg', 'front'), (1147, 1, '06013', 'original', 'ffg-en/06013.jpg', 'front'), (1148, 1, '06012', 'original', 'ffg-en/06012.jpg', 'front'), (1149, 1, '06011', 'original', 'ffg-en/06011.jpg', 'front'), (1150, 1, '06010', 'original', 'ffg-en/06010.jpg', 'front'), (1151, 1, '06009', 'original', 'ffg-en/06009.jpg', 'front'), (1152, 1, '06008', 'original', 'ffg-en/06008.jpg', 'front'), (1153, 1, '06007', 'original', 'ffg-en/06007.jpg', 'front'), (1154, 1, '06006', 'original', 'ffg-en/06006.jpg', 'front'), (1155, 1, '06005', 'original', 'ffg-en/06005.jpg', 'front'), (1156, 1, '06004', 'original', 'ffg-en/06004.jpg', 'front'), (1157, 1, '06003', 'original', 'ffg-en/06003.jpg', 'front'), (1158, 1, '06002', 'original', 'ffg-en/06002.jpg', 'front'), (1159, 1, '06001', 'original', 'ffg-en/06001.jpg', 'front'), (1160, 1, '05055', 'original', 'ffg-en/05055.jpg', 'front'), (1161, 1, '05054', 'original', 'ffg-en/05054.jpg', 'front'), (1162, 1, '05053', 'original', 'ffg-en/05053.jpg', 'front'), (1163, 1, '05052', 'original', 'ffg-en/05052.jpg', 'front'), (1164, 1, '05051', 'original', 'ffg-en/05051.jpg', 'front'), (1165, 1, '05050', 'original', 'ffg-en/05050.jpg', 'front'), (1166, 1, '05049', 'original', 'ffg-en/05049.jpg', 'front'), (1167, 1, '05048', 'original', 'ffg-en/05048.jpg', 'front'), (1168, 1, '05047', 'original', 'ffg-en/05047.jpg', 'front'), (1169, 1, '05046', 'original', 'ffg-en/05046.jpg', 'front'), (1170, 1, '05045', 'original', 'ffg-en/05045.jpg', 'front'), (1171, 1, '05044', 'original', 'ffg-en/05044.jpg', 'front'), (1172, 1, '05043', 'original', 'ffg-en/05043.jpg', 'front'), (1173, 1, '05042', 'original', 'ffg-en/05042.jpg', 'front'), (1174, 1, '05041', 'original', 'ffg-en/05041.jpg', 'front'), (1175, 1, '05040', 'original', 'ffg-en/05040.jpg', 'front'), (1176, 1, '05039', 'original', 'ffg-en/05039.jpg', 'front'), (1177, 1, '05038', 'original', 'ffg-en/05038.jpg', 'front'), (1178, 1, '05037', 'original', 'ffg-en/05037.jpg', 'front'), (1179, 1, '05036', 'original', 'ffg-en/05036.jpg', 'front'), (1180, 1, '05035', 'original', 'ffg-en/05035.jpg', 'front'), (1181, 1, '05034', 'original', 'ffg-en/05034.jpg', 'front'), (1182, 1, '05033', 'original', 'ffg-en/05033.jpg', 'front'), (1183, 1, '05032', 'original', 'ffg-en/05032.jpg', 'front'), (1184, 1, '05031', 'original', 'ffg-en/05031.jpg', 'front'), (1185, 1, '05030', 'original', 'ffg-en/05030.jpg', 'front'), (1186, 1, '05029', 'original', 'ffg-en/05029.jpg', 'front'), (1187, 1, '05028', 'original', 'ffg-en/05028.jpg', 'front'), (1188, 1, '05027', 'original', 'ffg-en/05027.jpg', 'front'), (1189, 1, '05026', 'original', 'ffg-en/05026.jpg', 'front'), (1190, 1, '05025', 'original', 'ffg-en/05025.jpg', 'front'), (1191, 1, '05024', 'original', 'ffg-en/05024.jpg', 'front'), (1192, 1, '05023', 'original', 'ffg-en/05023.jpg', 'front'), (1193, 1, '05022', 'original', 'ffg-en/05022.jpg', 'front'), (1194, 1, '05021', 'original', 'ffg-en/05021.jpg', 'front'), (1195, 1, '05020', 'original', 'ffg-en/05020.jpg', 'front'), (1196, 1, '05019', 'original', 'ffg-en/05019.jpg', 'front'), (1197, 1, '05018', 'original', 'ffg-en/05018.jpg', 'front'), (1198, 1, '05017', 'original', 'ffg-en/05017.jpg', 'front'), (1199, 1, '05016', 'original', 'ffg-en/05016.jpg', 'front'), (1200, 1, '05015', 'original', 'ffg-en/05015.jpg', 'front'), (1201, 1, '05014', 'original', 'ffg-en/05014.jpg', 'front'), (1202, 1, '05013', 'original', 'ffg-en/05013.jpg', 'front'), (1203, 1, '05012', 'original', 'ffg-en/05012.jpg', 'front'), (1204, 1, '05011', 'original', 'ffg-en/05011.jpg', 'front'), (1205, 1, '05010', 'original', 'ffg-en/05010.jpg', 'front'), (1206, 1, '05009', 'original', 'ffg-en/05009.jpg', 'front'), (1207, 1, '05008', 'original', 'ffg-en/05008.jpg', 'front'), (1208, 1, '05007', 'original', 'ffg-en/05007.jpg', 'front'), (1209, 1, '05006', 'original', 'ffg-en/05006.jpg', 'front'), (1210, 1, '05005', 'original', 'ffg-en/05005.jpg', 'front'), (1211, 1, '05004', 'original', 'ffg-en/05004.jpg', 'front'), (1212, 1, '05003', 'original', 'ffg-en/05003.jpg', 'front'), (1213, 1, '05002', 'original', 'ffg-en/05002.jpg', 'front'), (1214, 1, '05001', 'original', 'ffg-en/05001.jpg', 'front'), (1215, 1, '04120', 'original', 'ffg-en/04120.jpg', 'front'), (1216, 1, '04119', 'original', 'ffg-en/04119.jpg', 'front'), (1217, 1, '04118', 'original', 'ffg-en/04118.jpg', 'front'), (1218, 1, '04117', 'original', 'ffg-en/04117.jpg', 'front'), (1219, 1, '04116', 'original', 'ffg-en/04116.jpg', 'front'), (1220, 1, '04115', 'original', 'ffg-en/04115.jpg', 'front'), (1221, 1, '04114', 'original', 'ffg-en/04114.jpg', 'front'), (1222, 1, '04113', 'original', 'ffg-en/04113.jpg', 'front'), (1223, 1, '04112', 'original', 'ffg-en/04112.jpg', 'front'), (1224, 1, '04111', 'original', 'ffg-en/04111.jpg', 'front'), (1225, 1, '04110', 'original', 'ffg-en/04110.jpg', 'front'), (1226, 1, '04109', 'original', 'ffg-en/04109.jpg', 'front'), (1227, 1, '04108', 'original', 'ffg-en/04108.jpg', 'front'), (1228, 1, '04107', 'original', 'ffg-en/04107.jpg', 'front'), (1229, 1, '04106', 'original', 'ffg-en/04106.jpg', 'front'), (1230, 1, '04105', 'original', 'ffg-en/04105.jpg', 'front'), (1231, 1, '04104', 'original', 'ffg-en/04104.jpg', 'front'), (1232, 1, '04103', 'original', 'ffg-en/04103.jpg', 'front'), (1233, 1, '04102', 'original', 'ffg-en/04102.jpg', 'front'), (1234, 1, '04101', 'original', 'ffg-en/04101.jpg', 'front'), (1235, 1, '04100', 'original', 'ffg-en/04100.jpg', 'front'), (1236, 1, '04099', 'original', 'ffg-en/04099.jpg', 'front'), (1237, 1, '04098', 'original', 'ffg-en/04098.jpg', 'front'), (1238, 1, '04097', 'original', 'ffg-en/04097.jpg', 'front'), (1239, 1, '04096', 'original', 'ffg-en/04096.jpg', 'front'), (1240, 1, '04095', 'original', 'ffg-en/04095.jpg', 'front'), (1241, 1, '04094', 'original', 'ffg-en/04094.jpg', 'front'), (1242, 1, '04093', 'original', 'ffg-en/04093.jpg', 'front'), (1243, 1, '04092', 'original', 'ffg-en/04092.jpg', 'front'), (1244, 1, '04091', 'original', 'ffg-en/04091.jpg', 'front'), (1245, 1, '04090', 'original', 'ffg-en/04090.jpg', 'front'), (1246, 1, '04089', 'original', 'ffg-en/04089.jpg', 'front'), (1247, 1, '04088', 'original', 'ffg-en/04088.jpg', 'front'), (1248, 1, '04087', 'original', 'ffg-en/04087.jpg', 'front'), (1249, 1, '04086', 'original', 'ffg-en/04086.jpg', 'front'), (1250, 1, '04085', 'original', 'ffg-en/04085.jpg', 'front'), (1251, 1, '04084', 'original', 'ffg-en/04084.jpg', 'front'), (1252, 1, '04083', 'original', 'ffg-en/04083.jpg', 'front'), (1253, 1, '04082', 'original', 'ffg-en/04082.jpg', 'front'), (1254, 1, '04081', 'original', 'ffg-en/04081.jpg', 'front'), (1255, 1, '04080', 'original', 'ffg-en/04080.jpg', 'front'), (1256, 1, '04079', 'original', 'ffg-en/04079.jpg', 'front'), (1257, 1, '04078', 'original', 'ffg-en/04078.jpg', 'front'), (1258, 1, '04077', 'original', 'ffg-en/04077.jpg', 'front'), (1259, 1, '04076', 'original', 'ffg-en/04076.jpg', 'front'), (1260, 1, '04075', 'original', 'ffg-en/04075.jpg', 'front'), (1261, 1, '04074', 'original', 'ffg-en/04074.jpg', 'front'), (1262, 1, '04073', 'original', 'ffg-en/04073.jpg', 'front'), (1263, 1, '04072', 'original', 'ffg-en/04072.jpg', 'front'), (1264, 1, '04071', 'original', 'ffg-en/04071.jpg', 'front'), (1265, 1, '04070', 'original', 'ffg-en/04070.jpg', 'front'), (1266, 1, '04069', 'original', 'ffg-en/04069.jpg', 'front'), (1267, 1, '04068', 'original', 'ffg-en/04068.jpg', 'front'), (1268, 1, '04067', 'original', 'ffg-en/04067.jpg', 'front'), (1269, 1, '04066', 'original', 'ffg-en/04066.jpg', 'front'), (1270, 1, '04065', 'original', 'ffg-en/04065.jpg', 'front'), (1271, 1, '04064', 'original', 'ffg-en/04064.jpg', 'front'), (1272, 1, '04063', 'original', 'ffg-en/04063.jpg', 'front'), (1273, 1, '04062', 'original', 'ffg-en/04062.jpg', 'front'), (1274, 1, '04061', 'original', 'ffg-en/04061.jpg', 'front'), (1275, 1, '04060', 'original', 'ffg-en/04060.jpg', 'front'), (1276, 1, '04059', 'original', 'ffg-en/04059.jpg', 'front'), (1277, 1, '04058', 'original', 'ffg-en/04058.jpg', 'front'), (1278, 1, '04057', 'original', 'ffg-en/04057.jpg', 'front'), (1279, 1, '04056', 'original', 'ffg-en/04056.jpg', 'front'), (1280, 1, '04055', 'original', 'ffg-en/04055.jpg', 'front'), (1281, 1, '04054', 'original', 'ffg-en/04054.jpg', 'front'), (1282, 1, '04053', 'original', 'ffg-en/04053.jpg', 'front'), (1283, 1, '04052', 'original', 'ffg-en/04052.jpg', 'front'), (1284, 1, '04051', 'original', 'ffg-en/04051.jpg', 'front'), (1285, 1, '04050', 'original', 'ffg-en/04050.jpg', 'front'), (1286, 1, '04049', 'original', 'ffg-en/04049.jpg', 'front'), (1287, 1, '04048', 'original', 'ffg-en/04048.jpg', 'front'), (1288, 1, '04047', 'original', 'ffg-en/04047.jpg', 'front'), (1289, 1, '04046', 'original', 'ffg-en/04046.jpg', 'front'), (1290, 1, '04045', 'original', 'ffg-en/04045.jpg', 'front'), (1291, 1, '04044', 'original', 'ffg-en/04044.jpg', 'front'), (1292, 1, '04043', 'original', 'ffg-en/04043.jpg', 'front'), (1293, 1, '04042', 'original', 'ffg-en/04042.jpg', 'front'), (1294, 1, '04041', 'original', 'ffg-en/04041.jpg', 'front'), (1295, 1, '04040', 'original', 'ffg-en/04040.jpg', 'front'), (1296, 1, '04039', 'original', 'ffg-en/04039.jpg', 'front'), (1297, 1, '04038', 'original', 'ffg-en/04038.jpg', 'front'), (1298, 1, '04037', 'original', 'ffg-en/04037.jpg', 'front'), (1299, 1, '04036', 'original', 'ffg-en/04036.jpg', 'front'), (1300, 1, '04035', 'original', 'ffg-en/04035.jpg', 'front'), (1301, 1, '04034', 'original', 'ffg-en/04034.jpg', 'front'), (1302, 1, '04033', 'original', 'ffg-en/04033.jpg', 'front'), (1303, 1, '04032', 'original', 'ffg-en/04032.jpg', 'front'), (1304, 1, '04031', 'original', 'ffg-en/04031.jpg', 'front'), (1305, 1, '04030', 'original', 'ffg-en/04030.jpg', 'front'), (1306, 1, '04029', 'original', 'ffg-en/04029.jpg', 'front'), (1307, 1, '04028', 'original', 'ffg-en/04028.jpg', 'front'), (1308, 1, '04027', 'original', 'ffg-en/04027.jpg', 'front'), (1309, 1, '04026', 'original', 'ffg-en/04026.jpg', 'front'), (1310, 1, '04025', 'original', 'ffg-en/04025.jpg', 'front'), (1311, 1, '04024', 'original', 'ffg-en/04024.jpg', 'front'), (1312, 1, '04023', 'original', 'ffg-en/04023.jpg', 'front'), (1313, 1, '04022', 'original', 'ffg-en/04022.jpg', 'front'), (1314, 1, '04021', 'original', 'ffg-en/04021.jpg', 'front'), (1315, 1, '04020', 'original', 'ffg-en/04020.jpg', 'front'), (1316, 1, '04019', 'original', 'ffg-en/04019.jpg', 'front'), (1317, 1, '04018', 'original', 'ffg-en/04018.jpg', 'front'), (1318, 1, '04017', 'original', 'ffg-en/04017.jpg', 'front'), (1319, 1, '04016', 'original', 'ffg-en/04016.jpg', 'front'), (1320, 1, '04015', 'original', 'ffg-en/04015.jpg', 'front'), (1321, 1, '04014', 'original', 'ffg-en/04014.jpg', 'front'), (1322, 1, '04013', 'original', 'ffg-en/04013.jpg', 'front'), (1323, 1, '04012', 'original', 'ffg-en/04012.jpg', 'front'), (1324, 1, '04011', 'original', 'ffg-en/04011.jpg', 'front'), (1325, 1, '04010', 'original', 'ffg-en/04010.jpg', 'front'), (1326, 1, '04009', 'original', 'ffg-en/04009.jpg', 'front'), (1327, 1, '04008', 'original', 'ffg-en/04008.jpg', 'front'), (1328, 1, '04007', 'original', 'ffg-en/04007.jpg', 'front'), (1329, 1, '04006', 'original', 'ffg-en/04006.jpg', 'front'), (1330, 1, '04005', 'original', 'ffg-en/04005.jpg', 'front'), (1331, 1, '04004', 'original', 'ffg-en/04004.jpg', 'front'), (1332, 1, '04003', 'original', 'ffg-en/04003.jpg', 'front'), (1333, 1, '04002', 'original', 'ffg-en/04002.jpg', 'front'), (1334, 1, '04001', 'original', 'ffg-en/04001.jpg', 'front'), (1335, 1, '03055', 'original', 'ffg-en/03055.jpg', 'front'), (1336, 1, '03054', 'original', 'ffg-en/03054.jpg', 'front'), (1337, 1, '03053', 'original', 'ffg-en/03053.jpg', 'front'), (1338, 1, '03052', 'original', 'ffg-en/03052.jpg', 'front'), (1339, 1, '03051', 'original', 'ffg-en/03051.jpg', 'front'), (1340, 1, '03050', 'original', 'ffg-en/03050.jpg', 'front'), (1341, 1, '03049', 'original', 'ffg-en/03049.jpg', 'front'), (1342, 1, '03048', 'original', 'ffg-en/03048.jpg', 'front'), (1343, 1, '03047', 'original', 'ffg-en/03047.jpg', 'front'), (1344, 1, '03046', 'original', 'ffg-en/03046.jpg', 'front'), (1345, 1, '03045', 'original', 'ffg-en/03045.jpg', 'front'), (1346, 1, '03044', 'original', 'ffg-en/03044.jpg', 'front'), (1347, 1, '03043', 'original', 'ffg-en/03043.jpg', 'front'), (1348, 1, '03042', 'original', 'ffg-en/03042.jpg', 'front'), (1349, 1, '03041', 'original', 'ffg-en/03041.jpg', 'front'), (1350, 1, '03040', 'original', 'ffg-en/03040.jpg', 'front'), (1351, 1, '03039', 'original', 'ffg-en/03039.jpg', 'front'), (1352, 1, '03038', 'original', 'ffg-en/03038.jpg', 'front'), (1353, 1, '03037', 'original', 'ffg-en/03037.jpg', 'front'), (1354, 1, '03036', 'original', 'ffg-en/03036.jpg', 'front'), (1355, 1, '03035', 'original', 'ffg-en/03035.jpg', 'front'), (1356, 1, '03034', 'original', 'ffg-en/03034.jpg', 'front'), (1357, 1, '03033', 'original', 'ffg-en/03033.jpg', 'front'), (1358, 1, '03032', 'original', 'ffg-en/03032.jpg', 'front'), (1359, 1, '03031', 'original', 'ffg-en/03031.jpg', 'front'), (1360, 1, '03030', 'original', 'ffg-en/03030.jpg', 'front'), (1361, 1, '03029', 'original', 'ffg-en/03029.jpg', 'front'), (1362, 1, '03028', 'original', 'ffg-en/03028.jpg', 'front'), (1363, 1, '03027', 'original', 'ffg-en/03027.jpg', 'front'), (1364, 1, '03026', 'original', 'ffg-en/03026.jpg', 'front'), (1365, 1, '03025', 'original', 'ffg-en/03025.jpg', 'front'), (1366, 1, '03024', 'original', 'ffg-en/03024.jpg', 'front'), (1367, 1, '03023', 'original', 'ffg-en/03023.jpg', 'front'), (1368, 1, '03022', 'original', 'ffg-en/03022.jpg', 'front'), (1369, 1, '03021', 'original', 'ffg-en/03021.jpg', 'front'), (1370, 1, '03020', 'original', 'ffg-en/03020.jpg', 'front'), (1371, 1, '03019', 'original', 'ffg-en/03019.jpg', 'front'), (1372, 1, '03018', 'original', 'ffg-en/03018.jpg', 'front'), (1373, 1, '03017', 'original', 'ffg-en/03017.jpg', 'front'), (1374, 1, '03016', 'original', 'ffg-en/03016.jpg', 'front'), (1375, 1, '03015', 'original', 'ffg-en/03015.jpg', 'front'), (1376, 1, '03014', 'original', 'ffg-en/03014.jpg', 'front'), (1377, 1, '03013', 'original', 'ffg-en/03013.jpg', 'front'), (1378, 1, '03012', 'original', 'ffg-en/03012.jpg', 'front'), (1379, 1, '03011', 'original', 'ffg-en/03011.jpg', 'front'), (1380, 1, '03010', 'original', 'ffg-en/03010.jpg', 'front'), (1381, 1, '03009', 'original', 'ffg-en/03009.jpg', 'front'), (1382, 1, '03008', 'original', 'ffg-en/03008.jpg', 'front'), (1383, 1, '03007', 'original', 'ffg-en/03007.jpg', 'front'), (1384, 1, '03006', 'original', 'ffg-en/03006.jpg', 'front'), (1385, 1, '03005', 'original', 'ffg-en/03005.jpg', 'front'), (1386, 1, '03004', 'original', 'ffg-en/03004.jpg', 'front'), (1387, 1, '03003', 'original', 'ffg-en/03003.jpg', 'front'), (1388, 1, '03002', 'original', 'ffg-en/03002.jpg', 'front'), (1389, 1, '03001', 'original', 'ffg-en/03001.jpg', 'front'), (1390, 1, '02120', 'original', 'ffg-en/02120.jpg', 'front'), (1391, 1, '02119', 'original', 'ffg-en/02119.jpg', 'front'), (1392, 1, '02118', 'original', 'ffg-en/02118.jpg', 'front'), (1393, 1, '02117', 'original', 'ffg-en/02117.jpg', 'front'), (1394, 1, '02116', 'original', 'ffg-en/02116.jpg', 'front'), (1395, 1, '02115', 'original', 'ffg-en/02115.jpg', 'front'), (1396, 1, '02114', 'original', 'ffg-en/02114.jpg', 'front'), (1397, 1, '02113', 'original', 'ffg-en/02113.jpg', 'front'), (1398, 1, '02112', 'original', 'ffg-en/02112.jpg', 'front'), (1399, 1, '02111', 'original', 'ffg-en/02111.jpg', 'front'), (1400, 1, '02110', 'original', 'ffg-en/02110.jpg', 'front'), (1401, 1, '02109', 'original', 'ffg-en/02109.jpg', 'front'), (1402, 1, '02108', 'original', 'ffg-en/02108.jpg', 'front'), (1403, 1, '02107', 'original', 'ffg-en/02107.jpg', 'front'), (1404, 1, '02106', 'original', 'ffg-en/02106.jpg', 'front'), (1405, 1, '02105', 'original', 'ffg-en/02105.jpg', 'front'), (1406, 1, '02104', 'original', 'ffg-en/02104.jpg', 'front'), (1407, 1, '02103', 'original', 'ffg-en/02103.jpg', 'front'), (1408, 1, '02102', 'original', 'ffg-en/02102.jpg', 'front'), (1409, 1, '02101', 'original', 'ffg-en/02101.jpg', 'front'), (1410, 1, '02100', 'original', 'ffg-en/02100.jpg', 'front'), (1411, 1, '02099', 'original', 'ffg-en/02099.jpg', 'front'), (1412, 1, '02098', 'original', 'ffg-en/02098.jpg', 'front'), (1413, 1, '02097', 'original', 'ffg-en/02097.jpg', 'front'), (1414, 1, '02096', 'original', 'ffg-en/02096.jpg', 'front'), (1415, 1, '02095', 'original', 'ffg-en/02095.jpg', 'front'), (1416, 1, '02094', 'original', 'ffg-en/02094.jpg', 'front'), (1417, 1, '02093', 'original', 'ffg-en/02093.jpg', 'front'), (1418, 1, '02092', 'original', 'ffg-en/02092.jpg', 'front'), (1419, 1, '02091', 'original', 'ffg-en/02091.jpg', 'front'), (1420, 1, '02090', 'original', 'ffg-en/02090.jpg', 'front'), (1421, 1, '02089', 'original', 'ffg-en/02089.jpg', 'front'), (1422, 1, '02088', 'original', 'ffg-en/02088.jpg', 'front'), (1423, 1, '02087', 'original', 'ffg-en/02087.jpg', 'front'), (1424, 1, '02086', 'original', 'ffg-en/02086.jpg', 'front'), (1425, 1, '02085', 'original', 'ffg-en/02085.jpg', 'front'), (1426, 1, '02084', 'original', 'ffg-en/02084.jpg', 'front'), (1427, 1, '02083', 'original', 'ffg-en/02083.jpg', 'front'), (1428, 1, '02082', 'original', 'ffg-en/02082.jpg', 'front'), (1429, 1, '02081', 'original', 'ffg-en/02081.jpg', 'front'), (1430, 1, '02080', 'original', 'ffg-en/02080.jpg', 'front'), (1431, 1, '02079', 'original', 'ffg-en/02079.jpg', 'front'), (1432, 1, '02078', 'original', 'ffg-en/02078.jpg', 'front'), (1433, 1, '02077', 'original', 'ffg-en/02077.jpg', 'front'), (1434, 1, '02076', 'original', 'ffg-en/02076.jpg', 'front'), (1435, 1, '02075', 'original', 'ffg-en/02075.jpg', 'front'), (1436, 1, '02074', 'original', 'ffg-en/02074.jpg', 'front'), (1437, 1, '02073', 'original', 'ffg-en/02073.jpg', 'front'), (1438, 1, '02072', 'original', 'ffg-en/02072.jpg', 'front'), (1439, 1, '02071', 'original', 'ffg-en/02071.jpg', 'front'), (1440, 1, '02070', 'original', 'ffg-en/02070.jpg', 'front'), (1441, 1, '02069', 'original', 'ffg-en/02069.jpg', 'front'), (1442, 1, '02068', 'original', 'ffg-en/02068.jpg', 'front'), (1443, 1, '02067', 'original', 'ffg-en/02067.jpg', 'front'), (1444, 1, '02066', 'original', 'ffg-en/02066.jpg', 'front'), (1445, 1, '02065', 'original', 'ffg-en/02065.jpg', 'front'), (1446, 1, '02064', 'original', 'ffg-en/02064.jpg', 'front'), (1447, 1, '02063', 'original', 'ffg-en/02063.jpg', 'front'), (1448, 1, '02062', 'original', 'ffg-en/02062.jpg', 'front'), (1449, 1, '02061', 'original', 'ffg-en/02061.jpg', 'front'), (1450, 1, '02060', 'original', 'ffg-en/02060.jpg', 'front'), (1451, 1, '02059', 'original', 'ffg-en/02059.jpg', 'front'), (1452, 1, '02058', 'original', 'ffg-en/02058.jpg', 'front'), (1453, 1, '02057', 'original', 'ffg-en/02057.jpg', 'front'), (1454, 1, '02056', 'original', 'ffg-en/02056.jpg', 'front'), (1455, 1, '02055', 'original', 'ffg-en/02055.jpg', 'front'), (1456, 1, '02054', 'original', 'ffg-en/02054.jpg', 'front'), (1457, 1, '02053', 'original', 'ffg-en/02053.jpg', 'front'), (1458, 1, '02052', 'original', 'ffg-en/02052.jpg', 'front'), (1459, 1, '02051', 'original', 'ffg-en/02051.jpg', 'front'), (1460, 1, '02050', 'original', 'ffg-en/02050.jpg', 'front'), (1461, 1, '02049', 'original', 'ffg-en/02049.jpg', 'front'), (1462, 1, '02048', 'original', 'ffg-en/02048.jpg', 'front'), (1463, 1, '02047', 'original', 'ffg-en/02047.jpg', 'front'), (1464, 1, '02046', 'original', 'ffg-en/02046.jpg', 'front'), (1465, 1, '02045', 'original', 'ffg-en/02045.jpg', 'front'), (1466, 1, '02044', 'original', 'ffg-en/02044.jpg', 'front'), (1467, 1, '02043', 'original', 'ffg-en/02043.jpg', 'front'), (1468, 1, '02042', 'original', 'ffg-en/02042.jpg', 'front'), (1469, 1, '02041', 'original', 'ffg-en/02041.jpg', 'front'), (1470, 1, '02040', 'original', 'ffg-en/02040.jpg', 'front'), (1471, 1, '02039', 'original', 'ffg-en/02039.jpg', 'front'), (1472, 1, '02038', 'original', 'ffg-en/02038.jpg', 'front'), (1473, 1, '02037', 'original', 'ffg-en/02037.jpg', 'front'), (1474, 1, '02036', 'original', 'ffg-en/02036.jpg', 'front'), (1475, 1, '02035', 'original', 'ffg-en/02035.jpg', 'front'), (1476, 1, '02034', 'original', 'ffg-en/02034.jpg', 'front'), (1477, 1, '02033', 'original', 'ffg-en/02033.jpg', 'front'), (1478, 1, '02032', 'original', 'ffg-en/02032.jpg', 'front'), (1479, 1, '02031', 'original', 'ffg-en/02031.jpg', 'front'), (1480, 1, '02030', 'original', 'ffg-en/02030.jpg', 'front'), (1481, 1, '02029', 'original', 'ffg-en/02029.jpg', 'front'), (1482, 1, '02028', 'original', 'ffg-en/02028.jpg', 'front'), (1483, 1, '02027', 'original', 'ffg-en/02027.jpg', 'front'), (1484, 1, '02026', 'original', 'ffg-en/02026.jpg', 'front'), (1485, 1, '02025', 'original', 'ffg-en/02025.jpg', 'front'), (1486, 1, '02024', 'original', 'ffg-en/02024.jpg', 'front'), (1487, 1, '02023', 'original', 'ffg-en/02023.jpg', 'front'), (1488, 1, '02022', 'original', 'ffg-en/02022.jpg', 'front'), (1489, 1, '02021', 'original', 'ffg-en/02021.jpg', 'front'), (1490, 1, '02020', 'original', 'ffg-en/02020.jpg', 'front'), (1491, 1, '02019', 'original', 'ffg-en/02019.jpg', 'front'), (1492, 1, '02017', 'original', 'ffg-en/02017.jpg', 'front'), (1493, 1, '02016', 'original', 'ffg-en/02016.jpg', 'front'), (1494, 1, '02015', 'original', 'ffg-en/02015.jpg', 'front'), (1495, 1, '02013', 'original', 'ffg-en/02013.jpg', 'front'), (1496, 1, '02012', 'original', 'ffg-en/02012.jpg', 'front'), (1497, 1, '02011', 'original', 'ffg-en/02011.jpg', 'front'), (1498, 1, '02010', 'original', 'ffg-en/02010.jpg', 'front'), (1499, 1, '02009', 'original', 'ffg-en/02009.jpg', 'front'), (1500, 1, '02008', 'original', 'ffg-en/02008.jpg', 'front');
INSERT INTO printings (id, collection_id, card_code, variant, file_path, part) VALUES (1501, 1, '02007', 'original', 'ffg-en/02007.jpg', 'front'), (1502, 1, '02006', 'original', 'ffg-en/02006.jpg', 'front'), (1503, 1, '02005', 'original', 'ffg-en/02005.jpg', 'front'), (1504, 1, '02004', 'original', 'ffg-en/02004.jpg', 'front'), (1505, 1, '02003', 'original', 'ffg-en/02003.jpg', 'front'), (1506, 1, '02002', 'original', 'ffg-en/02002.jpg', 'front'), (1507, 1, '02001', 'original', 'ffg-en/02001.jpg', 'front'), (1508, 1, '01110', 'original', 'ffg-en/01110.jpg', 'front'), (1509, 1, '01109', 'original', 'ffg-en/01109.jpg', 'front'), (1510, 1, '01107', 'original', 'ffg-en/01107.jpg', 'front'), (1511, 1, '01106', 'original', 'ffg-en/01106.jpg', 'front'), (1512, 1, '01105', 'original', 'ffg-en/01105.jpg', 'front'), (1513, 1, '01102', 'original', 'ffg-en/01102.jpg', 'front'), (1514, 1, '01099', 'original', 'ffg-en/01099.jpg', 'front'), (1515, 1, '01097', 'original', 'ffg-en/01097.jpg', 'front'), (1516, 1, '01096', 'original', 'ffg-en/01096.jpg', 'front'), (1517, 1, '01095', 'original', 'ffg-en/01095.jpg', 'front'), (1518, 1, '01094', 'original', 'ffg-en/01094.jpg', 'front'), (1519, 1, '01092', 'original', 'ffg-en/01092.jpg', 'front'), (1520, 1, '01091', 'original', 'ffg-en/01091.jpg', 'front'), (1521, 1, '01089', 'original', 'ffg-en/01089.jpg', 'front'), (1522, 1, '01088', 'original', 'ffg-en/01088.jpg', 'front'), (1523, 1, '01087', 'original', 'ffg-en/01087.jpg', 'front'), (1524, 1, '01086', 'original', 'ffg-en/01086.jpg', 'front'), (1525, 1, '01085', 'original', 'ffg-en/01085.jpg', 'front'), (1526, 1, '01083', 'original', 'ffg-en/01083.jpg', 'front'), (1527, 1, '01082', 'original', 'ffg-en/01082.jpg', 'front'), (1528, 1, '01081', 'original', 'ffg-en/01081.jpg', 'front'), (1529, 1, '01079', 'original', 'ffg-en/01079.jpg', 'front'), (1530, 1, '01076', 'original', 'ffg-en/01076.jpg', 'front'), (1531, 1, '01075', 'original', 'ffg-en/01075.jpg', 'front'), (1532, 1, '01074', 'original', 'ffg-en/01074.jpg', 'front'), (1533, 1, '01073', 'original', 'ffg-en/01073.jpg', 'front'), (1534, 1, '01072', 'original', 'ffg-en/01072.jpg', 'front'), (1535, 1, '01071', 'original', 'ffg-en/01071.jpg', 'front'), (1536, 1, '01066', 'original', 'ffg-en/01066.jpg', 'front'), (1537, 1, '01065', 'original', 'ffg-en/01065.jpg', 'front'), (1538, 1, '01063', 'original', 'ffg-en/01063.jpg', 'front'), (1539, 1, '01062', 'original', 'ffg-en/01062.jpg', 'front'), (1540, 1, '01061', 'original', 'ffg-en/01061.jpg', 'front'), (1541, 1, '01058', 'original', 'ffg-en/01058.jpg', 'front'), (1542, 1, '01055', 'original', 'ffg-en/01055.jpg', 'front'), (1543, 1, '01054', 'original', 'ffg-en/01054.jpg', 'front'), (1544, 1, '01053', 'original', 'ffg-en/01053.jpg', 'front'), (1545, 1, '01052', 'original', 'ffg-en/01052.jpg', 'front'), (1546, 1, '01051', 'original', 'ffg-en/01051.jpg', 'front'), (1547, 1, '01050', 'original', 'ffg-en/01050.jpg', 'front'), (1548, 1, '01045', 'original', 'ffg-en/01045.jpg', 'front'), (1549, 1, '01043', 'original', 'ffg-en/01043.jpg', 'front'), (1550, 1, '01041', 'original', 'ffg-en/01041.jpg', 'front'), (1551, 1, '01040', 'original', 'ffg-en/01040.jpg', 'front'), (1552, 1, '01038', 'original', 'ffg-en/01038.jpg', 'front'), (1553, 1, '01036', 'original', 'ffg-en/01036.jpg', 'front'), (1554, 1, '01035', 'original', 'ffg-en/01035.jpg', 'front'), (1555, 1, '01033', 'original', 'ffg-en/01033.jpg', 'front'), (1556, 1, '01032', 'original', 'ffg-en/01032.jpg', 'front'), (1557, 1, '01031', 'original', 'ffg-en/01031.jpg', 'front'), (1558, 1, '01030', 'original', 'ffg-en/01030.jpg', 'front'), (1559, 1, '01029', 'original', 'ffg-en/01029.jpg', 'front'), (1560, 1, '01027', 'original', 'ffg-en/01027.jpg', 'front'), (1561, 1, '01026', 'original', 'ffg-en/01026.jpg', 'front'), (1562, 1, '01024', 'original', 'ffg-en/01024.jpg', 'front'), (1563, 1, '01023', 'original', 'ffg-en/01023.jpg', 'front'), (1564, 1, '01022', 'original', 'ffg-en/01022.jpg', 'front'), (1565, 1, '01020', 'original', 'ffg-en/01020.jpg', 'front'), (1566, 1, '01018', 'original', 'ffg-en/01018.jpg', 'front'), (1567, 1, '01017', 'original', 'ffg-en/01017.jpg', 'front'), (1568, 1, '01016', 'original', 'ffg-en/01016.jpg', 'front'), (1569, 1, '01015', 'original', 'ffg-en/01015.jpg', 'front'), (1570, 1, '01014', 'original', 'ffg-en/01014.jpg', 'front'), (1571, 1, '01013', 'original', 'ffg-en/01013.jpg', 'front'), (1572, 1, '01012', 'original', 'ffg-en/01012.jpg', 'front'), (1573, 1, '01010', 'original', 'ffg-en/01010.jpg', 'front'), (1574, 1, '01009', 'original', 'ffg-en/01009.jpg', 'front'), (1575, 1, '01008', 'original', 'ffg-en/01008.jpg', 'front'), (1576, 1, '01007', 'original', 'ffg-en/01007.jpg', 'front'), (1577, 1, '01006', 'original', 'ffg-en/01006.jpg', 'front'), (1578, 1, '01005', 'original', 'ffg-en/01005.jpg', 'front'), (1579, 1, '01004', 'original', 'ffg-en/01004.jpg', 'front'), (1580, 1, '01003', 'original', 'ffg-en/01003.jpg', 'front'), (1581, 1, '01002', 'original', 'ffg-en/01002.jpg', 'front'), (1582, 1, '01001', 'original', 'ffg-en/01001.jpg', 'front'), (1714, 3, '35012', 'original', 'nsg-en/35012.png', 'front'), (1715, 3, '36036', 'original', 'nsg-en/36036-back3.png', 'back3'), (1716, 3, '36036', 'original', 'nsg-en/36036-front3.png', 'front3'), (1717, 3, '36036', 'original', 'nsg-en/36036-back2.png', 'back2'), (1718, 3, '36036', 'original', 'nsg-en/36036-front2.png', 'front2'), (1719, 3, '36036', 'original', 'nsg-en/36036-back1.png', 'back1'), (1720, 3, '36066', 'original', 'nsg-en/36066.png', 'front'), (1721, 3, '36065', 'original', 'nsg-en/36065.png', 'front'), (1722, 3, '36064', 'original', 'nsg-en/36064.png', 'front'), (1723, 3, '36063', 'original', 'nsg-en/36063.png', 'front'), (1724, 3, '36062', 'original', 'nsg-en/36062.png', 'front'), (1725, 3, '36061', 'original', 'nsg-en/36061.png', 'front'), (1726, 3, '36060', 'original', 'nsg-en/36060.png', 'front'), (1727, 3, '36059', 'original', 'nsg-en/36059.png', 'front'), (1728, 3, '36058', 'original', 'nsg-en/36058.png', 'front'), (1729, 3, '36057', 'original', 'nsg-en/36057.png', 'front'), (1730, 3, '36056', 'original', 'nsg-en/36056.png', 'front'), (1731, 3, '36055', 'original', 'nsg-en/36055.png', 'front'), (1732, 3, '36054', 'original', 'nsg-en/36054.png', 'front'), (1733, 3, '36053', 'original', 'nsg-en/36053.png', 'front'), (1734, 3, '36052', 'original', 'nsg-en/36052.png', 'front'), (1735, 3, '36051', 'original', 'nsg-en/36051.png', 'front'), (1736, 3, '36050', 'original', 'nsg-en/36050.png', 'front'), (1737, 3, '36049', 'original', 'nsg-en/36049.png', 'front'), (1738, 3, '36048', 'original', 'nsg-en/36048.png', 'front'), (1739, 3, '36047', 'original', 'nsg-en/36047.png', 'front'), (1740, 3, '36046', 'original', 'nsg-en/36046.png', 'front'), (1741, 3, '36045', 'original', 'nsg-en/36045.png', 'front'), (1742, 3, '36044', 'original', 'nsg-en/36044.png', 'front'), (1743, 3, '36043', 'original', 'nsg-en/36043.png', 'front'), (1744, 3, '36042', 'original', 'nsg-en/36042.png', 'front'), (1745, 3, '36041', 'original', 'nsg-en/36041.png', 'front'), (1746, 3, '36040', 'original', 'nsg-en/36040.png', 'front'), (1747, 3, '36039', 'original', 'nsg-en/36039.png', 'front'), (1748, 3, '36038', 'original', 'nsg-en/36038.png', 'front'), (1749, 3, '36037', 'original', 'nsg-en/36037.png', 'front'), (1750, 3, '36036', 'original', 'nsg-en/36036.png', 'front'), (1751, 3, '36035', 'original', 'nsg-en/36035.png', 'front'), (1752, 3, '36034', 'original', 'nsg-en/36034.png', 'front'), (1753, 3, '36033', 'original', 'nsg-en/36033.png', 'front'), (1754, 3, '36032', 'original', 'nsg-en/36032.png', 'front'), (1755, 3, '36031', 'original', 'nsg-en/36031.png', 'front'), (1756, 3, '36030', 'original', 'nsg-en/36030.png', 'front'), (1757, 3, '36029', 'original', 'nsg-en/36029.png', 'front'), (1758, 3, '36028', 'original', 'nsg-en/36028.png', 'front'), (1759, 3, '36027', 'original', 'nsg-en/36027.png', 'front'), (1760, 3, '36026', 'original', 'nsg-en/36026.png', 'front'), (1761, 3, '36025', 'original', 'nsg-en/36025.png', 'front'), (1762, 3, '36024', 'original', 'nsg-en/36024.png', 'front'), (1763, 3, '36023', 'original', 'nsg-en/36023.png', 'front'), (1764, 3, '36022', 'original', 'nsg-en/36022.png', 'front'), (1765, 3, '36021', 'original', 'nsg-en/36021.png', 'front'), (1766, 3, '36020', 'original', 'nsg-en/36020.png', 'front'), (1767, 3, '36019', 'original', 'nsg-en/36019.png', 'front'), (1768, 3, '36018', 'original', 'nsg-en/36018.png', 'front'), (1769, 3, '36017', 'original', 'nsg-en/36017.png', 'front'), (1770, 3, '36016', 'original', 'nsg-en/36016.png', 'front'), (1771, 3, '36015', 'original', 'nsg-en/36015.png', 'front'), (1772, 3, '36014', 'original', 'nsg-en/36014.png', 'front'), (1773, 3, '36013', 'original', 'nsg-en/36013.png', 'front'), (1774, 3, '36012', 'original', 'nsg-en/36012.png', 'front'), (1775, 3, '36011', 'original', 'nsg-en/36011.png', 'front'), (1776, 3, '36010', 'original', 'nsg-en/36010.png', 'front'), (1777, 3, '36009', 'original', 'nsg-en/36009.png', 'front'), (1778, 3, '36008', 'original', 'nsg-en/36008.png', 'front'), (1779, 3, '36007', 'original', 'nsg-en/36007.png', 'front'), (1780, 3, '36006', 'original', 'nsg-en/36006.png', 'front'), (1781, 3, '36005', 'original', 'nsg-en/36005.png', 'front'), (1782, 3, '36004', 'original', 'nsg-en/36004.png', 'front'), (1783, 3, '36003', 'original', 'nsg-en/36003.png', 'front'), (1784, 3, '36002', 'original', 'nsg-en/36002.png', 'front'), (1785, 3, '36001', 'original', 'nsg-en/36001.png', 'front'), (1786, 3, '26066', 'original', 'nsg-en/26066-back.png', 'back'), (1787, 3, '26120', 'original', 'nsg-en/26120-back.png', 'back'), (1788, 3, '35082', 'original', 'nsg-en/35082.png', 'front'), (1789, 3, '35081', 'original', 'nsg-en/35081.png', 'front'), (1790, 3, '35080', 'original', 'nsg-en/35080.png', 'front'), (1791, 3, '35079', 'original', 'nsg-en/35079.png', 'front'), (1792, 3, '35078', 'original', 'nsg-en/35078.png', 'front'), (1793, 3, '35077', 'original', 'nsg-en/35077.png', 'front'), (1794, 3, '35076', 'original', 'nsg-en/35076.png', 'front'), (1795, 3, '35075', 'original', 'nsg-en/35075.png', 'front'), (1796, 3, '35074', 'original', 'nsg-en/35074.png', 'front'), (1797, 3, '35073', 'original', 'nsg-en/35073.png', 'front'), (1798, 3, '35072', 'original', 'nsg-en/35072.png', 'front'), (1799, 3, '35071', 'original', 'nsg-en/35071.png', 'front'), (1800, 3, '35070', 'original', 'nsg-en/35070.png', 'front'), (1801, 3, '35069', 'original', 'nsg-en/35069.png', 'front'), (1802, 3, '35068', 'original', 'nsg-en/35068.png', 'front'), (1803, 3, '35067', 'original', 'nsg-en/35067.png', 'front'), (1804, 3, '35066', 'original', 'nsg-en/35066.png', 'front'), (1805, 3, '35065', 'original', 'nsg-en/35065.png', 'front'), (1806, 3, '35064', 'original', 'nsg-en/35064.png', 'front'), (1807, 3, '35063', 'original', 'nsg-en/35063.png', 'front'), (1808, 3, '35062', 'original', 'nsg-en/35062.png', 'front'), (1809, 3, '35061', 'original', 'nsg-en/35061.png', 'front'), (1810, 3, '35060', 'original', 'nsg-en/35060.png', 'front'), (1811, 3, '35059', 'original', 'nsg-en/35059.png', 'front'), (1812, 3, '35058', 'original', 'nsg-en/35058.png', 'front'), (1813, 3, '35057', 'original', 'nsg-en/35057-back.png', 'back'), (1814, 3, '35057', 'original', 'nsg-en/35057.png', 'front'), (1815, 3, '35056', 'original', 'nsg-en/35056.png', 'front'), (1816, 3, '35055', 'original', 'nsg-en/35055.png', 'front'), (1817, 3, '35054', 'original', 'nsg-en/35054.png', 'front'), (1818, 3, '35053', 'original', 'nsg-en/35053.png', 'front'), (1819, 3, '35052', 'original', 'nsg-en/35052.png', 'front'), (1820, 3, '35051', 'original', 'nsg-en/35051.png', 'front'), (1821, 3, '35050', 'original', 'nsg-en/35050.png', 'front'), (1822, 3, '35049', 'original', 'nsg-en/35049.png', 'front'), (1823, 3, '35048', 'original', 'nsg-en/35048.png', 'front'), (1824, 3, '35047', 'original', 'nsg-en/35047.png', 'front'), (1825, 3, '35046', 'original', 'nsg-en/35046.png', 'front'), (1826, 3, '35045', 'original', 'nsg-en/35045.png', 'front'), (1827, 3, '35044', 'original', 'nsg-en/35044.png', 'front'), (1828, 3, '35043', 'original', 'nsg-en/35043.png', 'front'), (1829, 3, '35042', 'original', 'nsg-en/35042.png', 'front'), (1830, 3, '35041', 'original', 'nsg-en/35041.png', 'front'), (1831, 3, '35040', 'original', 'nsg-en/35040.png', 'front'), (1832, 3, '35039', 'original', 'nsg-en/35039.png', 'front'), (1833, 3, '35038', 'original', 'nsg-en/35038.png', 'front'), (1834, 3, '35037', 'original', 'nsg-en/35037.png', 'front'), (1835, 3, '35036', 'original', 'nsg-en/35036.png', 'front'), (1836, 3, '35035', 'original', 'nsg-en/35035.png', 'front'), (1837, 3, '35034', 'original', 'nsg-en/35034.png', 'front'), (1838, 3, '35033', 'original', 'nsg-en/35033.png', 'front'), (1839, 3, '35032', 'original', 'nsg-en/35032.png', 'front'), (1840, 3, '35031', 'original', 'nsg-en/35031.png', 'front'), (1841, 3, '35030', 'original', 'nsg-en/35030.png', 'front'), (1842, 3, '35029', 'original', 'nsg-en/35029.png', 'front'), (1843, 3, '35028', 'original', 'nsg-en/35028.png', 'front'), (1844, 3, '35027', 'original', 'nsg-en/35027.png', 'front'), (1845, 3, '35026', 'original', 'nsg-en/35026.png', 'front'), (1846, 3, '35025', 'original', 'nsg-en/35025.png', 'front'), (1847, 3, '35024', 'original', 'nsg-en/35024.png', 'front'), (1848, 3, '35023', 'original', 'nsg-en/35023-back.png', 'back'), (1849, 3, '35023', 'original', 'nsg-en/35023.png', 'front'), (1850, 3, '35022', 'original', 'nsg-en/35022.png', 'front'), (1851, 3, '35021', 'original', 'nsg-en/35021.png', 'front'), (1852, 3, '35020', 'original', 'nsg-en/35020.png', 'front'), (1853, 3, '35019', 'original', 'nsg-en/35019.png', 'front'), (1854, 3, '35018', 'original', 'nsg-en/35018.png', 'front'), (1855, 3, '35017', 'original', 'nsg-en/35017.png', 'front'), (1856, 3, '35016', 'original', 'nsg-en/35016.png', 'front'), (1857, 3, '35015', 'original', 'nsg-en/35015.png', 'front'), (1858, 3, '35014', 'original', 'nsg-en/35014.png', 'front'), (1859, 3, '35013', 'original', 'nsg-en/35013.png', 'front'), (1860, 3, '35011', 'original', 'nsg-en/35011.png', 'front'), (1861, 3, '35010', 'original', 'nsg-en/35010.png', 'front'), (1862, 3, '35009', 'original', 'nsg-en/35009.png', 'front'), (1863, 3, '35008', 'original', 'nsg-en/35008.png', 'front'), (1864, 3, '35007', 'original', 'nsg-en/35007.png', 'front'), (1865, 3, '35006', 'original', 'nsg-en/35006.png', 'front'), (1866, 3, '35005', 'original', 'nsg-en/35005.png', 'front'), (1867, 3, '35004', 'original', 'nsg-en/35004.png', 'front'), (1868, 3, '35003', 'original', 'nsg-en/35003.png', 'front'), (1869, 3, '35002', 'original', 'nsg-en/35002.png', 'front'), (1870, 3, '35001', 'original', 'nsg-en/35001.png', 'front'), (1871, 3, '34130', 'original', 'nsg-en/34130.png', 'front'), (1872, 3, '34129', 'original', 'nsg-en/34129.png', 'front'), (1873, 3, '34128', 'original', 'nsg-en/34128.png', 'front'), (1874, 3, '34127', 'original', 'nsg-en/34127.png', 'front'), (1875, 3, '34126', 'original', 'nsg-en/34126.png', 'front'), (1876, 3, '34125', 'original', 'nsg-en/34125.png', 'front'), (1877, 3, '34124', 'original', 'nsg-en/34124.png', 'front'), (1878, 3, '34123', 'original', 'nsg-en/34123.png', 'front'), (1879, 3, '34122', 'original', 'nsg-en/34122.png', 'front'), (1880, 3, '34121', 'original', 'nsg-en/34121.png', 'front'), (1881, 3, '34120', 'original', 'nsg-en/34120.png', 'front'), (1882, 3, '34119', 'original', 'nsg-en/34119.png', 'front'), (1883, 3, '34118', 'original', 'nsg-en/34118.png', 'front'), (1884, 3, '34117', 'original', 'nsg-en/34117.png', 'front'), (1885, 3, '34116', 'original', 'nsg-en/34116.png', 'front'), (1886, 3, '34115', 'original', 'nsg-en/34115.png', 'front'), (1887, 3, '34114', 'original', 'nsg-en/34114.png', 'front'), (1888, 3, '34113', 'original', 'nsg-en/34113.png', 'front'), (1889, 3, '34112', 'original', 'nsg-en/34112.png', 'front'), (1890, 3, '34111', 'original', 'nsg-en/34111.png', 'front'), (1891, 3, '34110', 'original', 'nsg-en/34110.png', 'front'), (1892, 3, '34109', 'original', 'nsg-en/34109.png', 'front'), (1893, 3, '34108', 'original', 'nsg-en/34108.png', 'front'), (1894, 3, '34107', 'original', 'nsg-en/34107.png', 'front'), (1895, 3, '34106', 'original', 'nsg-en/34106.png', 'front'), (1896, 3, '34105', 'original', 'nsg-en/34105.png', 'front'), (1897, 3, '34104', 'original', 'nsg-en/34104.png', 'front'), (1898, 3, '34103', 'original', 'nsg-en/34103.png', 'front'), (1899, 3, '34102', 'original', 'nsg-en/34102.png', 'front'), (1900, 3, '34101', 'original', 'nsg-en/34101.png', 'front'), (1901, 3, '34100', 'original', 'nsg-en/34100.png', 'front'), (1902, 3, '34099', 'original', 'nsg-en/34099.png', 'front'), (1903, 3, '34098', 'original', 'nsg-en/34098.png', 'front'), (1904, 3, '34097', 'original', 'nsg-en/34097.png', 'front'), (1905, 3, '34096', 'original', 'nsg-en/34096.png', 'front'), (1906, 3, '34095', 'original', 'nsg-en/34095.png', 'front'), (1907, 3, '34094', 'original', 'nsg-en/34094.png', 'front'), (1908, 3, '34093', 'original', 'nsg-en/34093.png', 'front'), (1909, 3, '34092', 'original', 'nsg-en/34092.png', 'front'), (1910, 3, '34091', 'original', 'nsg-en/34091.png', 'front'), (1911, 3, '34090', 'original', 'nsg-en/34090.png', 'front'), (1912, 3, '34089', 'original', 'nsg-en/34089.png', 'front'), (1913, 3, '34088', 'original', 'nsg-en/34088.png', 'front'), (1914, 3, '34087', 'original', 'nsg-en/34087.png', 'front'), (1915, 3, '34086', 'original', 'nsg-en/34086.png', 'front'), (1916, 3, '34085', 'original', 'nsg-en/34085.png', 'front'), (1917, 3, '34084', 'original', 'nsg-en/34084.png', 'front'), (1918, 3, '34083', 'original', 'nsg-en/34083.png', 'front'), (1919, 3, '34082', 'original', 'nsg-en/34082.png', 'front'), (1920, 3, '34081', 'original', 'nsg-en/34081.png', 'front'), (1921, 3, '34080', 'original', 'nsg-en/34080.png', 'front'), (1922, 3, '34079', 'original', 'nsg-en/34079.png', 'front'), (1923, 3, '34078', 'original', 'nsg-en/34078.png', 'front'), (1924, 3, '34077', 'original', 'nsg-en/34077.png', 'front'), (1925, 3, '34076', 'original', 'nsg-en/34076.png', 'front'), (1926, 3, '34075', 'original', 'nsg-en/34075.png', 'front'), (1927, 3, '34074', 'original', 'nsg-en/34074.png', 'front'), (1928, 3, '34073', 'original', 'nsg-en/34073.png', 'front'), (1929, 3, '34072', 'original', 'nsg-en/34072.png', 'front'), (1930, 3, '34071', 'original', 'nsg-en/34071.png', 'front'), (1931, 3, '34070', 'original', 'nsg-en/34070.png', 'front'), (1932, 3, '34069', 'original', 'nsg-en/34069.png', 'front'), (1933, 3, '34068', 'original', 'nsg-en/34068.png', 'front'), (1934, 3, '34067', 'original', 'nsg-en/34067.png', 'front'), (1935, 3, '34066', 'original', 'nsg-en/34066.png', 'front'), (1936, 3, '34065', 'original', 'nsg-en/34065.png', 'front'), (1937, 3, '34064', 'original', 'nsg-en/34064.png', 'front'), (1938, 3, '34063', 'original', 'nsg-en/34063.png', 'front'), (1939, 3, '34062', 'original', 'nsg-en/34062.png', 'front'), (1940, 3, '34061', 'original', 'nsg-en/34061.png', 'front'), (1941, 3, '34060', 'original', 'nsg-en/34060.png', 'front'), (1942, 3, '34059', 'original', 'nsg-en/34059.png', 'front'), (1943, 3, '34058', 'original', 'nsg-en/34058.png', 'front'), (1944, 3, '34057', 'original', 'nsg-en/34057.png', 'front'), (1945, 3, '34056', 'original', 'nsg-en/34056.png', 'front'), (1946, 3, '34055', 'original', 'nsg-en/34055.png', 'front'), (1947, 3, '34054', 'original', 'nsg-en/34054.png', 'front'), (1948, 3, '34053', 'original', 'nsg-en/34053.png', 'front'), (1949, 3, '34052', 'original', 'nsg-en/34052.png', 'front'), (1950, 3, '34051', 'original', 'nsg-en/34051.png', 'front'), (1951, 3, '34050', 'original', 'nsg-en/34050.png', 'front'), (1952, 3, '34049', 'original', 'nsg-en/34049.png', 'front'), (1953, 3, '34048', 'original', 'nsg-en/34048.png', 'front'), (1954, 3, '34047', 'original', 'nsg-en/34047.png', 'front'), (1955, 3, '34046', 'original', 'nsg-en/34046.png', 'front'), (1956, 3, '34045', 'original', 'nsg-en/34045.png', 'front'), (1957, 3, '34044', 'original', 'nsg-en/34044.png', 'front'), (1958, 3, '34043', 'original', 'nsg-en/34043.png', 'front'), (1959, 3, '34042', 'original', 'nsg-en/34042.png', 'front'), (1960, 3, '34041', 'original', 'nsg-en/34041.png', 'front'), (1961, 3, '34040', 'original', 'nsg-en/34040.png', 'front'), (1962, 3, '34039', 'original', 'nsg-en/34039.png', 'front'), (1963, 3, '34038', 'original', 'nsg-en/34038.png', 'front'), (1964, 3, '34037', 'original', 'nsg-en/34037.png', 'front'), (1965, 3, '34036', 'original', 'nsg-en/34036.png', 'front'), (1966, 3, '34035', 'original', 'nsg-en/34035.png', 'front'), (1967, 3, '34034', 'original', 'nsg-en/34034.png', 'front'), (1968, 3, '34033', 'original', 'nsg-en/34033.png', 'front'), (1969, 3, '34032', 'original', 'nsg-en/34032.png', 'front'), (1970, 3, '34031', 'original', 'nsg-en/34031.png', 'front'), (1971, 3, '34030', 'original', 'nsg-en/34030.png', 'front'), (1972, 3, '34029', 'original', 'nsg-en/34029.png', 'front'), (1973, 3, '34028', 'original', 'nsg-en/34028.png', 'front'), (1974, 3, '34027', 'original', 'nsg-en/34027.png', 'front'), (1975, 3, '34026', 'original', 'nsg-en/34026.png', 'front'), (1976, 3, '34025', 'original', 'nsg-en/34025.png', 'front'), (1977, 3, '34024', 'original', 'nsg-en/34024.png', 'front'), (1978, 3, '34023', 'original', 'nsg-en/34023.png', 'front'), (1979, 3, '34022', 'original', 'nsg-en/34022.png', 'front'), (1980, 3, '34021', 'original', 'nsg-en/34021.png', 'front'), (1981, 3, '34020', 'original', 'nsg-en/34020.png', 'front'), (1982, 3, '34019', 'original', 'nsg-en/34019.png', 'front'), (1983, 3, '34018', 'original', 'nsg-en/34018.png', 'front'), (1984, 3, '34017', 'original', 'nsg-en/34017.png', 'front'), (1985, 3, '34016', 'original', 'nsg-en/34016.png', 'front'), (1986, 3, '34015', 'original', 'nsg-en/34015.png', 'front'), (1987, 3, '34014', 'original', 'nsg-en/34014.png', 'front'), (1988, 3, '34013', 'original', 'nsg-en/34013.png', 'front'), (1989, 3, '34012', 'original', 'nsg-en/34012.png', 'front'), (1990, 3, '34011', 'original', 'nsg-en/34011.png', 'front'), (1991, 3, '34010', 'original', 'nsg-en/34010.png', 'front'), (1992, 3, '34009', 'original', 'nsg-en/34009.png', 'front'), (1993, 3, '34008', 'original', 'nsg-en/34008.png', 'front'), (1994, 3, '34007', 'original', 'nsg-en/34007.png', 'front'), (1995, 3, '34006', 'original', 'nsg-en/34006.png', 'front'), (1996, 3, '34005', 'original', 'nsg-en/34005.png', 'front'), (1997, 3, '34004', 'original', 'nsg-en/34004.png', 'front'), (1998, 3, '34003', 'original', 'nsg-en/34003.png', 'front'), (1999, 3, '34002', 'original', 'nsg-en/34002.png', 'front'), (2000, 3, '34001', 'original', 'nsg-en/34001.png', 'front'), (2001, 3, '33128', 'original', 'nsg-en/33128.png', 'front'), (2002, 3, '33127', 'original', 'nsg-en/33127.png', 'front'), (2003, 3, '33126', 'original', 'nsg-en/33126.png', 'front'), (2004, 3, '33125', 'original', 'nsg-en/33125.png', 'front'), (2005, 3, '33124', 'original', 'nsg-en/33124.png', 'front'), (2006, 3, '33123', 'original', 'nsg-en/33123.png', 'front'), (2007, 3, '33122', 'original', 'nsg-en/33122.png', 'front'), (2008, 3, '33121', 'original', 'nsg-en/33121.png', 'front'), (2009, 3, '33120', 'original', 'nsg-en/33120.png', 'front'), (2010, 3, '33119', 'original', 'nsg-en/33119.png', 'front'), (2011, 3, '33118', 'original', 'nsg-en/33118.png', 'front'), (2012, 3, '33117', 'original', 'nsg-en/33117.png', 'front'), (2013, 3, '33116', 'original', 'nsg-en/33116.png', 'front'), (2014, 3, '33115', 'original', 'nsg-en/33115.png', 'front'), (2015, 3, '33114', 'original', 'nsg-en/33114.png', 'front'), (2016, 3, '33113', 'original', 'nsg-en/33113.png', 'front'), (2017, 3, '33112', 'original', 'nsg-en/33112.png', 'front'), (2018, 3, '33111', 'original', 'nsg-en/33111.png', 'front'), (2019, 3, '33110', 'original', 'nsg-en/33110.png', 'front'), (2020, 3, '33109', 'original', 'nsg-en/33109.png', 'front'), (2021, 3, '33108', 'original', 'nsg-en/33108.png', 'front'), (2022, 3, '33107', 'original', 'nsg-en/33107.png', 'front'), (2023, 3, '33106', 'original', 'nsg-en/33106.png', 'front'), (2024, 3, '33105', 'original', 'nsg-en/33105.png', 'front'), (2025, 3, '33104', 'original', 'nsg-en/33104.png', 'front'), (2026, 3, '33103', 'original', 'nsg-en/33103.png', 'front'), (2027, 3, '33102', 'original', 'nsg-en/33102.png', 'front'), (2028, 3, '33101', 'original', 'nsg-en/33101.png', 'front'), (2029, 3, '33100', 'original', 'nsg-en/33100.png', 'front'), (2030, 3, '33099', 'original', 'nsg-en/33099.png', 'front'), (2031, 3, '33098', 'original', 'nsg-en/33098.png', 'front'), (2032, 3, '33097', 'original', 'nsg-en/33097.png', 'front'), (2033, 3, '33096', 'original', 'nsg-en/33096.png', 'front'), (2034, 3, '33095', 'original', 'nsg-en/33095.png', 'front'), (2035, 3, '33094', 'original', 'nsg-en/33094-copy6.png', 'copy6'), (2036, 3, '33094', 'original', 'nsg-en/33094-copy5.png', 'copy5'), (2037, 3, '33094', 'original', 'nsg-en/33094-copy4.png', 'copy4'), (2038, 3, '33094', 'original', 'nsg-en/33094-copy3.png', 'copy3'), (2039, 3, '33094', 'original', 'nsg-en/33094-copy2.png', 'copy2'), (2040, 3, '33094', 'original', 'nsg-en/33094.png', 'front'), (2041, 3, '33093', 'original', 'nsg-en/33093.png', 'front'), (2042, 3, '33092', 'original', 'nsg-en/33092.png', 'front'), (2043, 3, '33091', 'original', 'nsg-en/33091.png', 'front'), (2044, 3, '33090', 'original', 'nsg-en/33090.png', 'front'), (2045, 3, '33089', 'original', 'nsg-en/33089.png', 'front'), (2046, 3, '33088', 'original', 'nsg-en/33088.png', 'front'), (2047, 3, '33087', 'original', 'nsg-en/33087.png', 'front'), (2048, 3, '33086', 'original', 'nsg-en/33086.png', 'front'), (2049, 3, '33085', 'original', 'nsg-en/33085.png', 'front'), (2050, 3, '33084', 'original', 'nsg-en/33084.png', 'front'), (2051, 3, '33083', 'original', 'nsg-en/33083.png', 'front'), (2052, 3, '33082', 'original', 'nsg-en/33082.png', 'front'), (2053, 3, '33081', 'original', 'nsg-en/33081.png', 'front'), (2054, 3, '33080', 'original', 'nsg-en/33080.png', 'front'), (2055, 3, '33079', 'original', 'nsg-en/33079.png', 'front'), (2056, 3, '33078', 'original', 'nsg-en/33078.png', 'front'), (2057, 3, '33077', 'original', 'nsg-en/33077.png', 'front'), (2058, 3, '33076', 'original', 'nsg-en/33076.png', 'front'), (2059, 3, '33075', 'original', 'nsg-en/33075.png', 'front'), (2060, 3, '33074', 'original', 'nsg-en/33074.png', 'front'), (2061, 3, '33073', 'original', 'nsg-en/33073.png', 'front'), (2062, 3, '33072', 'original', 'nsg-en/33072.png', 'front'), (2063, 3, '33071', 'original', 'nsg-en/33071.png', 'front'), (2064, 3, '33070', 'original', 'nsg-en/33070.png', 'front'), (2065, 3, '33069', 'original', 'nsg-en/33069.png', 'front'), (2066, 3, '33068', 'original', 'nsg-en/33068.png', 'front'), (2067, 3, '33067', 'original', 'nsg-en/33067.png', 'front'), (2068, 3, '33066', 'original', 'nsg-en/33066.png', 'front'), (2069, 3, '33065', 'original', 'nsg-en/33065.png', 'front'), (2070, 3, '33064', 'original', 'nsg-en/33064.png', 'front'), (2071, 3, '33063', 'original', 'nsg-en/33063.png', 'front'), (2072, 3, '33062', 'original', 'nsg-en/33062.png', 'front'), (2073, 3, '33061', 'original', 'nsg-en/33061.png', 'front'), (2074, 3, '33060', 'original', 'nsg-en/33060.png', 'front'), (2075, 3, '33059', 'original', 'nsg-en/33059.png', 'front'), (2076, 3, '33058', 'original', 'nsg-en/33058.png', 'front'), (2077, 3, '33057', 'original', 'nsg-en/33057.png', 'front'), (2078, 3, '33056', 'original', 'nsg-en/33056.png', 'front'), (2079, 3, '33055', 'original', 'nsg-en/33055.png', 'front'), (2080, 3, '33054', 'original', 'nsg-en/33054.png', 'front'), (2081, 3, '33053', 'original', 'nsg-en/33053.png', 'front'), (2082, 3, '33052', 'original', 'nsg-en/33052.png', 'front'), (2083, 3, '33051', 'original', 'nsg-en/33051.png', 'front'), (2084, 3, '33050', 'original', 'nsg-en/33050.png', 'front'), (2085, 3, '33049', 'original', 'nsg-en/33049.png', 'front'), (2086, 3, '33048', 'original', 'nsg-en/33048.png', 'front'), (2087, 3, '33047', 'original', 'nsg-en/33047.png', 'front'), (2088, 3, '33046', 'original', 'nsg-en/33046.png', 'front'), (2089, 3, '33045', 'original', 'nsg-en/33045.png', 'front'), (2090, 3, '33044', 'original', 'nsg-en/33044.png', 'front'), (2091, 3, '33043', 'original', 'nsg-en/33043.png', 'front'), (2092, 3, '33042', 'original', 'nsg-en/33042.png', 'front'), (2093, 3, '33041', 'original', 'nsg-en/33041.png', 'front'), (2094, 3, '33040', 'original', 'nsg-en/33040.png', 'front'), (2095, 3, '33039', 'original', 'nsg-en/33039.png', 'front'), (2096, 3, '33038', 'original', 'nsg-en/33038.png', 'front'), (2097, 3, '33037', 'original', 'nsg-en/33037.png', 'front'), (2098, 3, '33036', 'original', 'nsg-en/33036.png', 'front'), (2099, 3, '33035', 'original', 'nsg-en/33035.png', 'front'), (2100, 3, '33034', 'original', 'nsg-en/33034.png', 'front'), (2101, 3, '33033', 'original', 'nsg-en/33033.png', 'front'), (2102, 3, '33032', 'original', 'nsg-en/33032.png', 'front'), (2103, 3, '33031', 'original', 'nsg-en/33031.png', 'front'), (2104, 3, '33030', 'original', 'nsg-en/33030.png', 'front'), (2105, 3, '33029', 'original', 'nsg-en/33029.png', 'front'), (2106, 3, '33028', 'original', 'nsg-en/33028.png', 'front'), (2107, 3, '33027', 'original', 'nsg-en/33027.png', 'front'), (2108, 3, '33026', 'original', 'nsg-en/33026.png', 'front'), (2109, 3, '33025', 'original', 'nsg-en/33025.png', 'front'), (2110, 3, '33024', 'original', 'nsg-en/33024.png', 'front'), (2111, 3, '33023', 'original', 'nsg-en/33023.png', 'front'), (2112, 3, '33022', 'original', 'nsg-en/33022.png', 'front'), (2113, 3, '33021', 'original', 'nsg-en/33021.png', 'front'), (2114, 3, '33020', 'original', 'nsg-en/33020.png', 'front'), (2115, 3, '33019', 'original', 'nsg-en/33019.png', 'front'), (2116, 3, '33018', 'original', 'nsg-en/33018.png', 'front'), (2117, 3, '33017', 'original', 'nsg-en/33017.png', 'front'), (2118, 3, '33016', 'original', 'nsg-en/33016.png', 'front'), (2119, 3, '33015', 'original', 'nsg-en/33015.png', 'front'), (2120, 3, '33014', 'original', 'nsg-en/33014.png', 'front'), (2121, 3, '33013', 'original', 'nsg-en/33013.png', 'front'), (2122, 3, '33012', 'original', 'nsg-en/33012.png', 'front'), (2123, 3, '33011', 'original', 'nsg-en/33011.png', 'front'), (2124, 3, '33010', 'original', 'nsg-en/33010.png', 'front'), (2125, 3, '33009', 'original', 'nsg-en/33009.png', 'front'), (2126, 3, '33008', 'original', 'nsg-en/33008.png', 'front'), (2127, 3, '33007', 'original', 'nsg-en/33007.png', 'front'), (2128, 3, '33006', 'original', 'nsg-en/33006.png', 'front'), (2129, 3, '33005', 'original', 'nsg-en/33005.png', 'front'), (2130, 3, '33004', 'original', 'nsg-en/33004.png', 'front'), (2131, 3, '33003', 'original', 'nsg-en/33003.png', 'front');
INSERT INTO printings (id, collection_id, card_code, variant, file_path, part) VALUES (2132, 3, '33002', 'original', 'nsg-en/33002.png', 'front'), (2133, 3, '33001', 'original', 'nsg-en/33001.png', 'front'), (2134, 3, '31082', 'original', 'nsg-en/31082.png', 'front'), (2135, 3, '31081', 'original', 'nsg-en/31081.png', 'front'), (2136, 3, '31080', 'original', 'nsg-en/31080.png', 'front'), (2137, 3, '31079', 'original', 'nsg-en/31079.png', 'front'), (2138, 3, '31078', 'original', 'nsg-en/31078.png', 'front'), (2139, 3, '31077', 'original', 'nsg-en/31077.png', 'front'), (2140, 3, '31076', 'original', 'nsg-en/31076.png', 'front'), (2141, 3, '31075', 'original', 'nsg-en/31075.png', 'front'), (2142, 3, '31074', 'original', 'nsg-en/31074.png', 'front'), (2143, 3, '31073', 'original', 'nsg-en/31073.png', 'front'), (2144, 3, '31072', 'original', 'nsg-en/31072.png', 'front'), (2145, 3, '31071', 'original', 'nsg-en/31071.png', 'front'), (2146, 3, '31070', 'original', 'nsg-en/31070.png', 'front'), (2147, 3, '31069', 'original', 'nsg-en/31069.png', 'front'), (2148, 3, '31068', 'original', 'nsg-en/31068.png', 'front'), (2149, 3, '31067', 'original', 'nsg-en/31067.png', 'front'), (2150, 3, '31066', 'original', 'nsg-en/31066.png', 'front'), (2151, 3, '31065', 'original', 'nsg-en/31065.png', 'front'), (2152, 3, '31064', 'original', 'nsg-en/31064.png', 'front'), (2153, 3, '31063', 'original', 'nsg-en/31063.png', 'front'), (2154, 3, '31062', 'original', 'nsg-en/31062.png', 'front'), (2155, 3, '31061', 'original', 'nsg-en/31061.png', 'front'), (2156, 3, '31060', 'original', 'nsg-en/31060.png', 'front'), (2157, 3, '31059', 'original', 'nsg-en/31059.png', 'front'), (2158, 3, '31058', 'original', 'nsg-en/31058.png', 'front'), (2159, 3, '31057', 'original', 'nsg-en/31057.png', 'front'), (2160, 3, '31056', 'original', 'nsg-en/31056.png', 'front'), (2161, 3, '31055', 'original', 'nsg-en/31055.png', 'front'), (2162, 3, '31054', 'original', 'nsg-en/31054.png', 'front'), (2163, 3, '31053', 'original', 'nsg-en/31053.png', 'front'), (2164, 3, '31052', 'original', 'nsg-en/31052.png', 'front'), (2165, 3, '31051', 'original', 'nsg-en/31051.png', 'front'), (2166, 3, '31050', 'original', 'nsg-en/31050.png', 'front'), (2167, 3, '31049', 'original', 'nsg-en/31049.png', 'front'), (2168, 3, '31048', 'original', 'nsg-en/31048.png', 'front'), (2169, 3, '31047', 'original', 'nsg-en/31047.png', 'front'), (2170, 3, '31046', 'original', 'nsg-en/31046.png', 'front'), (2171, 3, '31045', 'original', 'nsg-en/31045.png', 'front'), (2172, 3, '31044', 'original', 'nsg-en/31044.png', 'front'), (2173, 3, '31043', 'original', 'nsg-en/31043.png', 'front'), (2174, 3, '31042', 'original', 'nsg-en/31042.png', 'front'), (2175, 3, '31041', 'original', 'nsg-en/31041.png', 'front'), (2176, 3, '31040', 'original', 'nsg-en/31040.png', 'front'), (2177, 3, '31039', 'original', 'nsg-en/31039.png', 'front'), (2178, 3, '31038', 'original', 'nsg-en/31038.png', 'front'), (2179, 3, '31037', 'original', 'nsg-en/31037.png', 'front'), (2180, 3, '31036', 'original', 'nsg-en/31036.png', 'front'), (2181, 3, '31035', 'original', 'nsg-en/31035.png', 'front'), (2182, 3, '31034', 'original', 'nsg-en/31034.png', 'front'), (2183, 3, '31033', 'original', 'nsg-en/31033.png', 'front'), (2184, 3, '31032', 'original', 'nsg-en/31032.png', 'front'), (2185, 3, '31031', 'original', 'nsg-en/31031.png', 'front'), (2186, 3, '31030', 'original', 'nsg-en/31030.png', 'front'), (2187, 3, '31029', 'original', 'nsg-en/31029.png', 'front'), (2188, 3, '31028', 'original', 'nsg-en/31028.png', 'front'), (2189, 3, '31027', 'original', 'nsg-en/31027.png', 'front'), (2190, 3, '31026', 'original', 'nsg-en/31026.png', 'front'), (2191, 3, '31025', 'original', 'nsg-en/31025.png', 'front'), (2192, 3, '31024', 'original', 'nsg-en/31024.png', 'front'), (2193, 3, '31023', 'original', 'nsg-en/31023.png', 'front'), (2194, 3, '31022', 'original', 'nsg-en/31022.png', 'front'), (2195, 3, '31021', 'original', 'nsg-en/31021.png', 'front'), (2196, 3, '31020', 'original', 'nsg-en/31020.png', 'front'), (2197, 3, '31019', 'original', 'nsg-en/31019.png', 'front'), (2198, 3, '31018', 'original', 'nsg-en/31018.png', 'front'), (2199, 3, '31017', 'original', 'nsg-en/31017.png', 'front'), (2200, 3, '31016', 'original', 'nsg-en/31016.png', 'front'), (2201, 3, '31015', 'original', 'nsg-en/31015.png', 'front'), (2202, 3, '31014', 'original', 'nsg-en/31014.png', 'front'), (2203, 3, '31013', 'original', 'nsg-en/31013.png', 'front'), (2204, 3, '31012', 'original', 'nsg-en/31012.png', 'front'), (2205, 3, '31011', 'original', 'nsg-en/31011.png', 'front'), (2206, 3, '31010', 'original', 'nsg-en/31010.png', 'front'), (2207, 3, '31009', 'original', 'nsg-en/31009.png', 'front'), (2208, 3, '31008', 'original', 'nsg-en/31008.png', 'front'), (2209, 3, '31007', 'original', 'nsg-en/31007.png', 'front'), (2210, 3, '31006', 'original', 'nsg-en/31006.png', 'front'), (2211, 3, '31005', 'original', 'nsg-en/31005.png', 'front'), (2212, 3, '31004', 'original', 'nsg-en/31004.png', 'front'), (2213, 3, '31003', 'original', 'nsg-en/31003.png', 'front'), (2214, 3, '31002', 'original', 'nsg-en/31002.png', 'front'), (2215, 3, '31001', 'original', 'nsg-en/31001.png', 'front'), (2216, 3, '30077', 'original', 'nsg-en/30077.png', 'front'), (2217, 3, '30076', 'original', 'nsg-en/30076.png', 'front'), (2218, 3, '30075', 'original', 'nsg-en/30075.png', 'front'), (2219, 3, '30074', 'original', 'nsg-en/30074.png', 'front'), (2220, 3, '30073', 'original', 'nsg-en/30073.png', 'front'), (2221, 3, '30072', 'original', 'nsg-en/30072.png', 'front'), (2222, 3, '30071', 'original', 'nsg-en/30071.png', 'front'), (2223, 3, '30070', 'original', 'nsg-en/30070.png', 'front'), (2224, 3, '30069', 'original', 'nsg-en/30069.png', 'front'), (2225, 3, '30068', 'original', 'nsg-en/30068.png', 'front'), (2226, 3, '30067', 'original', 'nsg-en/30067.png', 'front'), (2227, 3, '30066', 'original', 'nsg-en/30066.png', 'front'), (2228, 3, '30065', 'original', 'nsg-en/30065.png', 'front'), (2229, 3, '30064', 'original', 'nsg-en/30064.png', 'front'), (2230, 3, '30063', 'original', 'nsg-en/30063.png', 'front'), (2231, 3, '30062', 'original', 'nsg-en/30062.png', 'front'), (2232, 3, '30061', 'original', 'nsg-en/30061.png', 'front'), (2233, 3, '30060', 'original', 'nsg-en/30060.png', 'front'), (2234, 3, '30059', 'original', 'nsg-en/30059.png', 'front'), (2235, 3, '30058', 'original', 'nsg-en/30058.png', 'front'), (2236, 3, '30057', 'original', 'nsg-en/30057.png', 'front'), (2237, 3, '30056', 'original', 'nsg-en/30056.png', 'front'), (2238, 3, '30055', 'original', 'nsg-en/30055.png', 'front'), (2239, 3, '30054', 'original', 'nsg-en/30054.png', 'front'), (2240, 3, '30053', 'original', 'nsg-en/30053.png', 'front'), (2241, 3, '30052', 'original', 'nsg-en/30052.png', 'front'), (2242, 3, '30051', 'original', 'nsg-en/30051.png', 'front'), (2243, 3, '30050', 'original', 'nsg-en/30050.png', 'front'), (2244, 3, '30049', 'original', 'nsg-en/30049.png', 'front'), (2245, 3, '30048', 'original', 'nsg-en/30048.png', 'front'), (2246, 3, '30047', 'original', 'nsg-en/30047.png', 'front'), (2247, 3, '30046', 'original', 'nsg-en/30046.png', 'front'), (2248, 3, '30045', 'original', 'nsg-en/30045.png', 'front'), (2249, 3, '30044', 'original', 'nsg-en/30044.png', 'front'), (2250, 3, '30043', 'original', 'nsg-en/30043.png', 'front'), (2251, 3, '30042', 'original', 'nsg-en/30042.png', 'front'), (2252, 3, '30041', 'original', 'nsg-en/30041.png', 'front'), (2253, 3, '30040', 'original', 'nsg-en/30040.png', 'front'), (2254, 3, '30039', 'original', 'nsg-en/30039.png', 'front'), (2255, 3, '30038', 'original', 'nsg-en/30038.png', 'front'), (2256, 3, '30037', 'original', 'nsg-en/30037.png', 'front'), (2257, 3, '30036', 'original', 'nsg-en/30036.png', 'front'), (2258, 3, '30035', 'original', 'nsg-en/30035.png', 'front'), (2259, 3, '30034', 'original', 'nsg-en/30034.png', 'front'), (2260, 3, '30033', 'original', 'nsg-en/30033.png', 'front'), (2261, 3, '30032', 'original', 'nsg-en/30032.png', 'front'), (2262, 3, '30031', 'original', 'nsg-en/30031.png', 'front'), (2263, 3, '30030', 'original', 'nsg-en/30030.png', 'front'), (2264, 3, '30029', 'original', 'nsg-en/30029.png', 'front'), (2265, 3, '30028', 'original', 'nsg-en/30028.png', 'front'), (2266, 3, '30027', 'original', 'nsg-en/30027.png', 'front'), (2267, 3, '30026', 'original', 'nsg-en/30026.png', 'front'), (2268, 3, '30025', 'original', 'nsg-en/30025.png', 'front'), (2269, 3, '30024', 'original', 'nsg-en/30024.png', 'front'), (2270, 3, '30023', 'original', 'nsg-en/30023.png', 'front'), (2271, 3, '30022', 'original', 'nsg-en/30022.png', 'front'), (2272, 3, '30021', 'original', 'nsg-en/30021.png', 'front'), (2273, 3, '30020', 'original', 'nsg-en/30020.png', 'front'), (2274, 3, '30019', 'original', 'nsg-en/30019.png', 'front'), (2275, 3, '30018', 'original', 'nsg-en/30018.png', 'front'), (2276, 3, '30017', 'original', 'nsg-en/30017.png', 'front'), (2277, 3, '30016', 'original', 'nsg-en/30016.png', 'front'), (2278, 3, '30015', 'original', 'nsg-en/30015.png', 'front'), (2279, 3, '30014', 'original', 'nsg-en/30014.png', 'front'), (2280, 3, '30013', 'original', 'nsg-en/30013.png', 'front'), (2281, 3, '30012', 'original', 'nsg-en/30012.png', 'front'), (2282, 3, '30011', 'original', 'nsg-en/30011.png', 'front'), (2283, 3, '30010', 'original', 'nsg-en/30010.png', 'front'), (2284, 3, '30009', 'original', 'nsg-en/30009.png', 'front'), (2285, 3, '30008', 'original', 'nsg-en/30008.png', 'front'), (2286, 3, '30007', 'original', 'nsg-en/30007.png', 'front'), (2287, 3, '30006', 'original', 'nsg-en/30006.png', 'front'), (2288, 3, '30005', 'original', 'nsg-en/30005.png', 'front'), (2289, 3, '30004', 'original', 'nsg-en/30004.png', 'front'), (2290, 3, '30003', 'original', 'nsg-en/30003.png', 'front'), (2291, 3, '30002', 'original', 'nsg-en/30002.png', 'front'), (2292, 3, '30001', 'original', 'nsg-en/30001.png', 'front'), (2293, 3, '28006', 'original', 'nsg-en/28006.png', 'front'), (2294, 3, '28005', 'original', 'nsg-en/28005.png', 'front'), (2295, 3, '28004', 'original', 'nsg-en/28004.png', 'front'), (2296, 3, '28003', 'original', 'nsg-en/28003.png', 'front'), (2297, 3, '28002', 'original', 'nsg-en/28002.png', 'front'), (2298, 3, '28001', 'original', 'nsg-en/28001.png', 'front'), (2299, 3, '26130', 'original', 'nsg-en/26130.png', 'front'), (2300, 3, '26129', 'original', 'nsg-en/26129.png', 'front'), (2301, 3, '26128', 'original', 'nsg-en/26128.png', 'front'), (2302, 3, '26127', 'original', 'nsg-en/26127.png', 'front'), (2303, 3, '26126', 'original', 'nsg-en/26126.png', 'front'), (2304, 3, '26125', 'original', 'nsg-en/26125.png', 'front'), (2305, 3, '26124', 'original', 'nsg-en/26124.png', 'front'), (2306, 3, '26123', 'original', 'nsg-en/26123.png', 'front'), (2307, 3, '26122', 'original', 'nsg-en/26122.png', 'front'), (2308, 3, '26121', 'original', 'nsg-en/26121.png', 'front'), (2309, 3, '26120', 'original', 'nsg-en/26120.png', 'front'), (2310, 3, '26119', 'original', 'nsg-en/26119.png', 'front'), (2311, 3, '26118', 'original', 'nsg-en/26118.png', 'front'), (2312, 3, '26117', 'original', 'nsg-en/26117.png', 'front'), (2313, 3, '26116', 'original', 'nsg-en/26116.png', 'front'), (2314, 3, '26115', 'original', 'nsg-en/26115.png', 'front'), (2315, 3, '26114', 'original', 'nsg-en/26114.png', 'front'), (2316, 3, '26113', 'original', 'nsg-en/26113.png', 'front'), (2317, 3, '26112', 'original', 'nsg-en/26112.png', 'front'), (2318, 3, '26111', 'original', 'nsg-en/26111.png', 'front'), (2319, 3, '26110', 'original', 'nsg-en/26110.png', 'front'), (2320, 3, '26109', 'original', 'nsg-en/26109.png', 'front'), (2321, 3, '26108', 'original', 'nsg-en/26108.png', 'front'), (2322, 3, '26107', 'original', 'nsg-en/26107.png', 'front'), (2323, 3, '26106', 'original', 'nsg-en/26106.png', 'front'), (2324, 3, '26105', 'original', 'nsg-en/26105.png', 'front'), (2325, 3, '26104', 'original', 'nsg-en/26104.png', 'front'), (2326, 3, '26103', 'original', 'nsg-en/26103.png', 'front'), (2327, 3, '26102', 'original', 'nsg-en/26102.png', 'front'), (2328, 3, '26101', 'original', 'nsg-en/26101.png', 'front'), (2329, 3, '26100', 'original', 'nsg-en/26100.png', 'front'), (2330, 3, '26099', 'original', 'nsg-en/26099.png', 'front'), (2331, 3, '26098', 'original', 'nsg-en/26098.png', 'front'), (2332, 3, '26097', 'original', 'nsg-en/26097.png', 'front'), (2333, 3, '26096', 'original', 'nsg-en/26096.png', 'front'), (2334, 3, '26095', 'original', 'nsg-en/26095.png', 'front'), (2335, 3, '26094', 'original', 'nsg-en/26094.png', 'front'), (2336, 3, '26093', 'original', 'nsg-en/26093.png', 'front'), (2337, 3, '26092', 'original', 'nsg-en/26092.png', 'front'), (2338, 3, '26091', 'original', 'nsg-en/26091.png', 'front'), (2339, 3, '26090', 'original', 'nsg-en/26090.png', 'front'), (2340, 3, '26089', 'original', 'nsg-en/26089.png', 'front'), (2341, 3, '26088', 'original', 'nsg-en/26088.png', 'front'), (2342, 3, '26087', 'original', 'nsg-en/26087.png', 'front'), (2343, 3, '26086', 'original', 'nsg-en/26086.png', 'front'), (2344, 3, '26085', 'original', 'nsg-en/26085.png', 'front'), (2345, 3, '26084', 'original', 'nsg-en/26084.png', 'front'), (2346, 3, '26083', 'original', 'nsg-en/26083.png', 'front'), (2347, 3, '26082', 'original', 'nsg-en/26082.png', 'front'), (2348, 3, '26081', 'original', 'nsg-en/26081.png', 'front'), (2349, 3, '26080', 'original', 'nsg-en/26080.png', 'front'), (2350, 3, '26079', 'original', 'nsg-en/26079.png', 'front'), (2351, 3, '26078', 'original', 'nsg-en/26078.png', 'front'), (2352, 3, '26077', 'original', 'nsg-en/26077.png', 'front'), (2353, 3, '26076', 'original', 'nsg-en/26076.png', 'front'), (2354, 3, '26075', 'original', 'nsg-en/26075.png', 'front'), (2355, 3, '26074', 'original', 'nsg-en/26074.png', 'front'), (2356, 3, '26073', 'original', 'nsg-en/26073.png', 'front'), (2357, 3, '26072', 'original', 'nsg-en/26072.png', 'front'), (2358, 3, '26071', 'original', 'nsg-en/26071.png', 'front'), (2359, 3, '26070', 'original', 'nsg-en/26070.png', 'front'), (2360, 3, '26069', 'original', 'nsg-en/26069.png', 'front'), (2361, 3, '26068', 'original', 'nsg-en/26068.png', 'front'), (2362, 3, '26067', 'original', 'nsg-en/26067.png', 'front'), (2363, 3, '26066', 'original', 'nsg-en/26066.png', 'front'), (2364, 3, '26065', 'original', 'nsg-en/26065.png', 'front'), (2365, 3, '26064', 'original', 'nsg-en/26064.png', 'front'), (2366, 3, '26063', 'original', 'nsg-en/26063.png', 'front'), (2367, 3, '26062', 'original', 'nsg-en/26062.png', 'front'), (2368, 3, '26061', 'original', 'nsg-en/26061.png', 'front'), (2369, 3, '26060', 'original', 'nsg-en/26060.png', 'front'), (2370, 3, '26059', 'original', 'nsg-en/26059.png', 'front'), (2371, 3, '26058', 'original', 'nsg-en/26058.png', 'front'), (2372, 3, '26057', 'original', 'nsg-en/26057.png', 'front'), (2373, 3, '26056', 'original', 'nsg-en/26056.png', 'front'), (2374, 3, '26055', 'original', 'nsg-en/26055.png', 'front'), (2375, 3, '26054', 'original', 'nsg-en/26054.png', 'front'), (2376, 3, '26053', 'original', 'nsg-en/26053.png', 'front'), (2377, 3, '26052', 'original', 'nsg-en/26052.png', 'front'), (2378, 3, '26051', 'original', 'nsg-en/26051.png', 'front'), (2379, 3, '26050', 'original', 'nsg-en/26050.png', 'front'), (2380, 3, '26049', 'original', 'nsg-en/26049.png', 'front'), (2381, 3, '26048', 'original', 'nsg-en/26048.png', 'front'), (2382, 3, '26047', 'original', 'nsg-en/26047.png', 'front'), (2383, 3, '26046', 'original', 'nsg-en/26046.png', 'front'), (2384, 3, '26045', 'original', 'nsg-en/26045.png', 'front'), (2385, 3, '26044', 'original', 'nsg-en/26044.png', 'front'), (2386, 3, '26043', 'original', 'nsg-en/26043.png', 'front'), (2387, 3, '26042', 'original', 'nsg-en/26042.png', 'front'), (2388, 3, '26041', 'original', 'nsg-en/26041.png', 'front'), (2389, 3, '26040', 'original', 'nsg-en/26040.png', 'front'), (2390, 3, '26039', 'original', 'nsg-en/26039.png', 'front'), (2391, 3, '26038', 'original', 'nsg-en/26038.png', 'front'), (2392, 3, '26037', 'original', 'nsg-en/26037.png', 'front'), (2393, 3, '26036', 'original', 'nsg-en/26036.png', 'front'), (2394, 3, '26035', 'original', 'nsg-en/26035.png', 'front'), (2395, 3, '26034', 'original', 'nsg-en/26034.png', 'front'), (2396, 3, '26033', 'original', 'nsg-en/26033.png', 'front'), (2397, 3, '26032', 'original', 'nsg-en/26032.png', 'front'), (2398, 3, '26031', 'original', 'nsg-en/26031.png', 'front'), (2399, 3, '26030', 'original', 'nsg-en/26030.png', 'front'), (2400, 3, '26029', 'original', 'nsg-en/26029.png', 'front'), (2401, 3, '26028', 'original', 'nsg-en/26028.png', 'front'), (2402, 3, '26027', 'original', 'nsg-en/26027.png', 'front'), (2403, 3, '26026', 'original', 'nsg-en/26026.png', 'front'), (2404, 3, '26025', 'original', 'nsg-en/26025.png', 'front'), (2405, 3, '26024', 'original', 'nsg-en/26024.png', 'front'), (2406, 3, '26023', 'original', 'nsg-en/26023.png', 'front'), (2407, 3, '26022', 'original', 'nsg-en/26022.png', 'front'), (2408, 3, '26021', 'original', 'nsg-en/26021.png', 'front'), (2409, 3, '26020', 'original', 'nsg-en/26020.png', 'front'), (2410, 3, '26019', 'original', 'nsg-en/26019.png', 'front'), (2411, 3, '26018', 'original', 'nsg-en/26018.png', 'front'), (2412, 3, '26017', 'original', 'nsg-en/26017.png', 'front'), (2413, 3, '26016', 'original', 'nsg-en/26016.png', 'front'), (2414, 3, '26015', 'original', 'nsg-en/26015.png', 'front'), (2415, 3, '26014', 'original', 'nsg-en/26014.png', 'front'), (2416, 3, '26013', 'original', 'nsg-en/26013.png', 'front'), (2417, 3, '26012', 'original', 'nsg-en/26012.png', 'front'), (2418, 3, '26011', 'original', 'nsg-en/26011.png', 'front'), (2419, 3, '26010', 'original', 'nsg-en/26010.png', 'front'), (2420, 3, '26009', 'original', 'nsg-en/26009.png', 'front'), (2421, 3, '26008', 'original', 'nsg-en/26008.png', 'front'), (2422, 3, '26007', 'original', 'nsg-en/26007.png', 'front'), (2423, 3, '26006', 'original', 'nsg-en/26006.png', 'front'), (2424, 3, '26005', 'original', 'nsg-en/26005.png', 'front'), (2425, 3, '26004', 'original', 'nsg-en/26004.png', 'front'), (2426, 3, '26003', 'original', 'nsg-en/26003.png', 'front'), (2427, 3, '26002', 'original', 'nsg-en/26002.png', 'front'), (2428, 3, '26001', 'original', 'nsg-en/26001.png', 'front'), (2429, 4, '23027', 'alt1', 'extras/23027_alt1.png', 'front'), (2430, 4, '24001', 'alt1', 'extras/24001_alt1-back.jpg', 'back'), (2431, 4, '09045', 'alt2', 'extras/09045_alt2-back.jpg', 'back'), (2432, 4, '09037', 'alt1', 'extras/09037_alt1-back.jpg', 'back'), (2433, 4, '09029', 'alt2', 'extras/09029_alt2-back.jpg', 'back'), (2434, 4, '09029', 'alt1', 'extras/09029_alt1-back.jpg', 'back'), (2435, 4, '04041', 'alt4', 'extras/04041_alt4-back.jpg', 'back'), (2436, 4, '04041', 'alt3', 'extras/04041_alt3-back.jpg', 'back'), (2437, 4, '04041', 'alt2', 'extras/04041_alt2-back.jpg', 'back'), (2438, 4, '02046', 'alt3', 'extras/02046_alt3-back.jpg', 'back'), (2439, 4, '02010', 'alt1', 'extras/02010_alt1-back.jpg', 'back'), (2440, 4, '01093', 'alt3', 'extras/01093_alt3-back.jpg', 'back'), (2441, 4, '01080', 'alt3', 'extras/01080_alt3-back.jpg', 'back'), (2442, 4, '01067', 'alt4', 'extras/01067_alt4-back.jpg', 'back'), (2443, 4, '01017', 'alt3', 'extras/01017_alt3-back.jpg', 'back'), (2444, 4, '24001', 'alt1', 'extras/24001_alt1.jpg', 'front'), (2445, 4, '21105', 'alt1', 'extras/21105_alt1.jpg', 'front'), (2446, 4, '21104', 'alt1', 'extras/21104_alt1.jpg', 'front'), (2447, 4, '21039', 'alt1', 'extras/21039_alt1.jpg', 'front'), (2448, 4, '21025', 'alt1', 'extras/21025_alt1.jpg', 'front'), (2449, 4, '13041', 'alt1', 'extras/13041_alt1.jpg', 'front'), (2450, 4, '13038', 'alt1', 'extras/13038_alt1.jpg', 'front'), (2451, 4, '13034', 'alt1', 'extras/13034_alt1.jpg', 'front'), (2452, 4, '13028', 'alt1', 'extras/13028_alt1.jpg', 'front'), (2453, 4, '13010', 'alt1', 'extras/13010_alt1.jpg', 'front'), (2454, 4, '13002', 'alt1', 'extras/13002_alt1.jpg', 'front'), (2455, 4, '12072', 'alt1', 'extras/12072_alt1.jpg', 'front'), (2456, 4, '12025', 'alt1', 'extras/12025_alt1.jpg', 'front'), (2457, 4, '12016', 'alt1', 'extras/12016_alt1.jpg', 'front'), (2458, 4, '12013', 'alt1', 'extras/12013_alt1.jpg', 'front'), (2459, 4, '11058', 'alt1', 'extras/11058_alt1.jpg', 'front'), (2460, 4, '11043', 'alt1', 'extras/11043_alt1.jpg', 'front'), (2461, 4, '11038', 'alt1', 'extras/11038_alt1.jpg', 'front'), (2462, 4, '11017', 'alt1', 'extras/11017_alt1.jpg', 'front'), (2463, 4, '10098', 'alt1', 'extras/10098_alt1.jpg', 'front'), (2464, 4, '10040', 'alt1', 'extras/10040_alt1.jpg', 'front'), (2465, 4, '10030', 'alt1', 'extras/10030_alt1.jpg', 'front'), (2466, 4, '10006', 'alt1', 'extras/10006_alt1.jpg', 'front'), (2467, 4, '09045', 'alt2', 'extras/09045_alt2.jpg', 'front'), (2468, 4, '09037', 'alt1', 'extras/09037_alt1.jpg', 'front'), (2469, 4, '09035', 'alt1', 'extras/09035_alt1.jpg', 'front'), (2470, 4, '09029', 'alt2', 'extras/09029_alt2.jpg', 'front'), (2471, 4, '09029', 'alt1', 'extras/09029_alt1.jpg', 'front'), (2472, 4, '08110', 'alt1', 'extras/08110_alt1.jpg', 'front'), (2473, 4, '08108', 'alt1', 'extras/08108_alt1.jpg', 'front'), (2474, 4, '08105', 'alt1', 'extras/08105_alt1.jpg', 'front'), (2475, 4, '08087', 'alt1', 'extras/08087_alt1.jpg', 'front'), (2476, 4, '08083', 'alt1', 'extras/08083_alt1.jpg', 'front'), (2477, 4, '08061', 'alt1', 'extras/08061_alt1.jpg', 'front'), (2478, 4, '08043', 'alt1', 'extras/08043_alt1.jpg', 'front'), (2479, 4, '08040', 'alt1', 'extras/08040_alt1.jpg', 'front'), (2480, 4, '08033', 'alt1', 'extras/08033_alt1.jpg', 'front'), (2481, 4, '08025', 'alt2', 'extras/08025_alt2.jpg', 'front'), (2482, 4, '08025', 'alt1', 'extras/08025_alt1.jpg', 'front'), (2483, 4, '08022', 'alt1', 'extras/08022_alt1.jpg', 'front'), (2484, 4, '07030', 'alt2', 'extras/07030_alt2.jpg', 'front'), (2485, 4, '07030', 'alt1', 'extras/07030_alt1.jpg', 'front'), (2486, 4, '07029', 'alt1', 'extras/07029_alt1.jpg', 'front'), (2487, 4, '07028', 'alt1', 'extras/07028_alt1.jpg', 'front'), (2488, 4, '07003', 'alt1', 'extras/07003_alt1.jpg', 'front'), (2489, 4, '06095', 'alt1', 'extras/06095_alt1.jpg', 'front'), (2490, 4, '06059', 'alt1', 'extras/06059_alt1.jpg', 'front'), (2491, 4, '06049', 'alt1', 'extras/06049_alt1.jpg', 'front'), (2492, 4, '06033', 'alt1', 'extras/06033_alt1.jpg', 'front'), (2493, 4, '06003', 'alt1', 'extras/06003_alt1.jpg', 'front'), (2494, 4, '05015', 'alt1', 'extras/05015_alt1.jpg', 'front'), (2495, 4, '04119', 'alt2', 'extras/04119_alt2.jpg', 'front'), (2496, 4, '04119', 'alt1', 'extras/04119_alt1.jpg', 'front'), (2497, 4, '04114', 'alt1', 'extras/04114_alt1.jpg', 'front'), (2498, 4, '04106', 'alt1', 'extras/04106_alt1.jpg', 'front'), (2499, 4, '04102', 'alt1', 'extras/04102_alt1.jpg', 'front'), (2500, 4, '04089', 'alt1', 'extras/04089_alt1.jpg', 'front'), (2501, 4, '04041', 'alt4', 'extras/04041_alt4.jpg', 'front'), (2502, 4, '04041', 'alt3', 'extras/04041_alt3.jpg', 'front'), (2503, 4, '04041', 'alt2', 'extras/04041_alt2.jpg', 'front'), (2504, 4, '03054', 'alt2', 'extras/03054_alt2.jpg', 'front'), (2505, 4, '03017', 'alt1', 'extras/03017_alt1.jpg', 'front'), (2506, 4, '03005', 'alt1', 'extras/03005_alt1.jpg', 'front'), (2507, 4, '03001', 'alt2', 'extras/03001_alt2.jpg', 'front'), (2508, 4, '03001', 'alt1', 'extras/03001_alt1.jpg', 'front'), (2509, 4, '02110', 'alt2', 'extras/02110_alt2.jpg', 'front'), (2510, 4, '02110', 'alt1', 'extras/02110_alt1.jpg', 'front'), (2511, 4, '02103', 'alt1', 'extras/02103_alt1.jpg', 'front'), (2512, 4, '02092', 'alt1', 'extras/02092_alt1.jpg', 'front'), (2513, 4, '02091', 'alt1', 'extras/02091_alt1.jpg', 'front'), (2514, 4, '02083', 'alt1', 'extras/02083_alt1.jpg', 'front'), (2515, 4, '02080', 'alt1', 'extras/02080_alt1.jpg', 'front'), (2516, 4, '02063', 'alt1', 'extras/02063_alt1.jpg', 'front'), (2517, 4, '02056', 'alt1', 'extras/02056_alt1.jpg', 'front'), (2518, 4, '02046', 'alt3', 'extras/02046_alt3.jpg', 'front'), (2519, 4, '02046', 'alt1', 'extras/02046_alt1.jpg', 'front'), (2520, 4, '02042', 'alt1', 'extras/02042_alt1.jpg', 'front'), (2521, 4, '02013', 'alt1', 'extras/02013_alt1.jpg', 'front'), (2522, 4, '02010', 'alt1', 'extras/02010_alt1.jpg', 'front'), (2523, 4, '02009', 'alt1', 'extras/02009_alt1.jpg', 'front'), (2524, 4, '01113', 'alt1', 'extras/01113_alt1.jpg', 'front'), (2525, 4, '01110', 'alt1', 'extras/01110_alt1.jpg', 'front'), (2526, 4, '01108', 'alt1', 'extras/01108_alt1.jpg', 'front'), (2527, 4, '01107', 'alt1', 'extras/01107_alt1.jpg', 'front'), (2528, 4, '01103', 'alt1', 'extras/01103_alt1.jpg', 'front'), (2529, 4, '01099', 'alt1', 'extras/01099_alt1.jpg', 'front'), (2530, 4, '01093', 'alt3', 'extras/01093_alt3.jpg', 'front'), (2531, 4, '01093', 'alt2', 'extras/01093_alt2.jpg', 'front'), (2532, 4, '01093', 'alt1', 'extras/01093_alt1.jpg', 'front'), (2533, 4, '01080', 'alt3', 'extras/01080_alt3.jpg', 'front'), (2534, 4, '01080', 'alt1', 'extras/01080_alt1.jpg', 'front'), (2535, 4, '01067', 'alt4', 'extras/01067_alt4.jpg', 'front'), (2536, 4, '01067', 'alt3', 'extras/01067_alt3.jpg', 'front'), (2537, 4, '01067', 'alt2', 'extras/01067_alt2.jpg', 'front'), (2538, 4, '01067', 'alt1', 'extras/01067_alt1.jpg', 'front'), (2539, 4, '01065', 'alt1', 'extras/01065_alt1.jpg', 'front'), (2540, 4, '01062', 'alt1', 'extras/01062_alt1.jpg', 'front'), (2541, 4, '01058', 'alt1', 'extras/01058_alt1.jpg', 'front'), (2542, 4, '01056', 'alt2', 'extras/01056_alt2.jpg', 'front'), (2543, 4, '01055', 'alt1', 'extras/01055_alt1.jpg', 'front'), (2544, 4, '01054', 'alt3', 'extras/01054_alt3.jpg', 'front'), (2545, 4, '01054', 'alt2', 'extras/01054_alt2.jpg', 'front'), (2546, 4, '01054', 'alt1', 'extras/01054_alt1.jpg', 'front'), (2547, 4, '01051', 'alt1', 'extras/01051_alt1.jpg', 'front'), (2548, 4, '01047', 'alt1', 'extras/01047_alt1.jpg', 'front'), (2549, 4, '01044', 'alt1', 'extras/01044_alt1.jpg', 'front'), (2550, 4, '01033', 'alt2', 'extras/01033_alt2.jpg', 'front'), (2551, 4, '01033', 'alt1', 'extras/01033_alt1.jpg', 'front'), (2552, 4, '01029', 'alt1', 'extras/01029_alt1.jpg', 'front'), (2553, 4, '01018', 'alt1', 'extras/01018_alt1.jpg', 'front'), (2554, 4, '01017', 'alt3', 'extras/01017_alt3.jpg', 'front'), (2555, 4, '01017', 'alt2', 'extras/01017_alt2.jpg', 'front'), (2556, 4, '01017', 'alt1', 'extras/01017_alt1.jpg', 'front'), (2557, 4, '01016', 'alt1', 'extras/01016_alt1.jpg', 'front'), (2558, 4, '01008', 'alt1', 'extras/01008_alt1.jpg', 'front'), (2559, 4, '01007', 'alt1', 'extras/01007_alt1.jpg', 'front'), (2560, 4, '01001', 'alt1', 'extras/01001_alt1.jpg', 'front');
